"","X18.feb.","X5.mar.","X21.mar.","X6.abr.","X22.abr.","X8.may.","X24.may.","X9.jun.","X25.jun.","X11.jul.","X27.jul.","X12.ago.","X28.ago.","X13.sep.","X29.sep.","X15.oct.","X31.oct.","X16.nov.","X2.dic.","X18.dic.","X1.ene.","X16.ene.","X2.feb.","X18.feb..1","X6.mar.","X22.mar.","X7.abr.","X23.abr.","X9.may.","X25.may.","X10.jun.","X26.jun.","X12.jul.","X28.jul.","X13.ago.","X29.ago.","X14.sep.","X30.sep.","X16.oct.","X1.nov.","X17.nov.","X3.dic.","X19.dic.","X1.ene..1","X16.ene..1","X2.feb..1","X18.feb..2","X6.mar..1","X22.mar..1","X7.abr..1","X23.abr..1","X9.may..1","X25.may..1","X10.jun..1","X26.jun..1","X12.jul..1","X28.jul..1","X13.ago..1","X29.ago..1","X14.sep..1","X30.sep..1","X16.oct..1","X1.nov..1","X17.nov..1","X3.dic..1","X19.dic..1","X1.ene..2","X16.ene..2","X2.feb..2","X18.feb..3","X6.mar..2","X22.mar..2","X7.abr..2","X23.abr..2","X9.may..2","X25.may..2","X10.jun..2","X26.jun..2","X12.jul..2","X28.jul..2","X13.ago..2","X29.ago..2","X14.sep..2","X30.sep..2","X16.oct..2","X1.nov..2","X17.nov..2","X3.dic..2","X19.dic..2","X1.ene..3","X17.ene.","X2.feb..3","X18.feb..4","X5.mar..1","X21.mar..1","X6.abr..1","X22.abr..1","X8.may..1","X24.may..1","X9.jun..1","X25.jun..1","X11.jul..1","X27.jul..1","X12.ago..1","X28.ago..1","X13.sep..1","X29.sep..1","X15.oct..1","X31.oct..1","X16.nov..1","X2.dic..1","X18.dic..1","X1.ene..4","X16.ene..3","X2.feb..4","X18.feb..5","X6.mar..3","X22.mar..3","X7.abr..3","X23.abr..3","X9.may..3","X25.may..3","X10.jun..3","X26.jun..3","X12.jul..3","X28.jul..3","X13.ago..3","X29.ago..3","X14.sep..3","X30.sep..3","X16.oct..3","X1.nov..3","X17.nov..3","X3.dic..3","X19.dic..3","X1.ene..5","X16.ene..4","X2.feb..5","X18.feb..6","X6.mar..4","X22.mar..4","X7.abr..4","X23.abr..4","X9.may..4","X25.may..4","X10.jun..4","X26.jun..4","X12.jul..4","X28.jul..4","X13.ago..4","X29.ago..4","X14.sep..4","X30.sep..4","X16.oct..4","X1.nov..4","X17.nov..4","X3.dic..4","X19.dic..4","X1.ene..6","X16.ene..5","X2.feb..6","X18.feb..7","X6.mar..5","X22.mar..5","X7.abr..5","X23.abr..5","X9.may..5","X25.may..5","X10.jun..5","X26.jun..5","X12.jul..5","X28.jul..5","X13.ago..5","X29.ago..5","X14.sep..5","X30.sep..5","X16.oct..5","X1.nov..5","X17.nov..5","X3.dic..5","X19.dic..5","X1.ene..7","X17.ene..1","X2.feb..7","X18.feb..8","X5.mar..2","X21.mar..2","X6.abr..2","X22.abr..2","X8.may..2","X24.may..2","X9.jun..2","X25.jun..2","X11.jul..2","X27.jul..2","X12.ago..2","X28.ago..2","X13.sep..2","X29.sep..2","X15.oct..2","X31.oct..2","X16.nov..2","X2.dic..2","X18.dic..2","X1.ene..8","X16.ene..6","X2.feb..8","X18.feb..9","X6.mar..6","X22.mar..6","X7.abr..6","X23.abr..6","X9.may..6","X25.may..6","X10.jun..6","X26.jun..6","X12.jul..6","X28.jul..6","X13.ago..6","X29.ago..6","X14.sep..6","X30.sep..6","X16.oct..6","X1.nov..6","X17.nov..6","X3.dic..6","X19.dic..6","X1.ene..9","X16.ene..7","X2.feb..9","X18.feb..10","X6.mar..7","X22.mar..7","X7.abr..7","X23.abr..7","X9.may..7","X25.may..7","X10.jun..7","X26.jun..7","X12.jul..7","X28.jul..7","X13.ago..7","X29.ago..7","X14.sep..7","X30.sep..7","X16.oct..7","X1.nov..7","X17.nov..7","X3.dic..7","X19.dic..7","X1.ene..10","X16.ene..8","X2.feb..10","X18.feb..11","X6.mar..8","X22.mar..8","X7.abr..8","X23.abr..8","X9.may..8","X25.may..8","X10.jun..8","X26.jun..8","X12.jul..8","X28.jul..8","X13.ago..8","X29.ago..8","X14.sep..8","X30.sep..8","X16.oct..8","X1.nov..8","X17.nov..8","X3.dic..8","X19.dic..8","X1.ene..11","X17.ene..2","X2.feb..11","X18.feb..12","X5.mar..3","X21.mar..3","X6.abr..3","X22.abr..3","X8.may..3","X24.may..3","X9.jun..3","X25.jun..3","X11.jul..3","X27.jul..3","X12.ago..3","X28.ago..3","X13.sep..3","X29.sep..3","X15.oct..3","X31.oct..3","X16.nov..3","X2.dic..3","X18.dic..3","X1.ene..12","X16.ene..9","X2.feb..12","X18.feb..13","X6.mar..9","X22.mar..9","X7.abr..9","X23.abr..9","X9.may..9","X25.may..9","X10.jun..9","X26.jun..9","X12.jul..9","X28.jul..9","X13.ago..9","X29.ago..9","X14.sep..9","X30.sep..9","X16.oct..9","X1.nov..9","X17.nov..9","X3.dic..9","X19.dic..9","X1.ene..13","X16.ene..10","X2.feb..13","X18.feb..14","X6.mar..10","X22.mar..10","X7.abr..10","X23.abr..10","X9.may..10","X25.may..10","X10.jun..10","X26.jun..10","X12.jul..10","X28.jul..10","X13.ago..10","X29.ago..10","X14.sep..10","X30.sep..10","X16.oct..10","X1.nov..10","X17.nov..10","X3.dic..10","X19.dic..10","X1.ene..14","X16.ene..11","X2.feb..14","X18.feb..15","X6.mar..11","X22.mar..11","X7.abr..11","X23.abr..11","X9.may..11","X25.may..11","X10.jun..11","X26.jun..11","X12.jul..11","X28.jul..11","X13.ago..11","X29.ago..11","X14.sep..11","X30.sep..11","X16.oct..11","X1.nov..11","X17.nov..11","X3.dic..11","X19.dic..11","X1.ene..15","X17.ene..3","X2.feb..15","X18.feb..16","X5.mar..4","X21.mar..4","X6.abr..4","X22.abr..4","X8.may..4","X24.may..4","X9.jun..4","X25.jun..4","X11.jul..4","X27.jul..4","X12.ago..4","X28.ago..4","X13.sep..4","X29.sep..4","X15.oct..4","X31.oct..4","X16.nov..4","X2.dic..4","X18.dic..4","X1.ene..16","X16.ene..12","X2.feb..16","X18.feb..17","X6.mar..12","X22.mar..12","X7.abr..12","X23.abr..12","X9.may..12","X25.may..12","X10.jun..12","X26.jun..12","X12.jul..12","X28.jul..12","X13.ago..12","X29.ago..12","X14.sep..12","X30.sep..12","X16.oct..12","X1.nov..12","X17.nov..12","X3.dic..12","X19.dic..12","X1.ene..17","X16.ene..13","X2.feb..17","X18.feb..18","X6.mar..13","X22.mar..13","X7.abr..13","X23.abr..13","X9.may..13","X25.may..13","X10.jun..13","X26.jun..13","X12.jul..13","X28.jul..13","X13.ago..13","X29.ago..13","X14.sep..13","X30.sep..13","X16.oct..13","X1.nov..13","X17.nov..13","X3.dic..13","X19.dic..13","X1.ene..18","X16.ene..14","X2.feb..18","X18.feb..19","X6.mar..14","X22.mar..14","X7.abr..14","X23.abr..14","X9.may..14","X25.may..14","X10.jun..14","X26.jun..14","X12.jul..14","X28.jul..14","X13.ago..14","X29.ago..14","X14.sep..14","X30.sep..14","X16.oct..14","X1.nov..14","X17.nov..14","X3.dic..14","X19.dic..14","X1.ene..19","X17.ene..4","X2.feb..19","X18.feb..20","X5.mar..5","X21.mar..5","X6.abr..5","X22.abr..5","X8.may..5","X24.may..5","X9.jun..5","X25.jun..5","X11.jul..5","X27.jul..5","X12.ago..5","X28.ago..5","X13.sep..5","X29.sep..5","X15.oct..5","X31.oct..5","X16.nov..5","X2.dic..5","X18.dic..5","X01.ene."
"1",2413,2889,2499,2251,2220,2205,2035,2159,5914,6593,5883,6022,5122,4482,4148,3584,4512,5297,5013,5055,3674,4187,4618,4452,3973,3074,2857,2509,2466,2313,2270,6945,7015,6385,5755,6189,4710,5137,3760,3381,3137,2914,3034,2790,2863,3427,3589,3271,3220,2784,2418,2209,2311,2001,2352,6644,6857,6587,6496,4164,3060,3392,2512,2770,2927,2978,2974,3208,2716,3375,3480,3983,3603,3065,2569,2236,2425,2191,2447,7109,6545,6239,5275,4401,5639,3710,3277,2675,2975,2508,2577,3271,3153,3280,2923,3141,2749,2662,2339,2195,2256,4544,6685,7364,5436,5725,4453,2997,3670,3731,4288,3866,4626,4603,3693,5050,4611,4453,3363,3258,2428,2414,2514,2368,2494,7024,6405,6404,6055,5049,3633,2966,3364,3100,3125,2328,2851,3026,2595,2719,2272,2478,2353,2180,2429,2478,3291,5489,6753,7412,6397,6772,5251,4499,4996,3364,3436,3418,3418,2413,3314,3802,3207,2920,2583,2442,2463,2120,2370,2421,6502,7320,6974,6887,6653,5003,2792,3731,3113,4249,4562,4323,4419,3515,4307,3423,3031,3000,2410,2194,2376,2595,2803,6587,7320,7218,6566,5092,4820,3220,3119,3180,3187,3074,2904,2719,2610,2828,2799,2601,2373,2368,2458,2706,2789,6209,6967,7705,7407,7287,5287,4981,5812,6208,5499,4520,4236,3527,4333,4357,4803,4257,3649,3478,3111,2722,2345,2357,2654,5041,6421,7549,6160,6551,4343,3834,3432,3116,2608,3219,2666,2992,2392,2345,2696,2383,2604,2478,2309,2255,2088,2445,4859,6012,6465,5523,4573,3695,3296,2927,3308,3391,3790,3793,3473,4179,3976,3597,3121,2782,2362,2347,2276,2216,2873,5494,7131,6617,6323,4386,3956,4075,3881,3157,2517,3200,2659,3019,2640,2924,2732,2432,2431,2336,2324,2324,2139,2567,3461,7252,5623,6905,5192,4879,3692,2974,3044,3381,3592,3311,2964,3517,2810,3448,2654,2385,2282,2242,2289,2437,4193,6417,6539,5312,5981,6209,5993,4719,4494,4454,4164,4202,3394,3607,3290,3846,4244,3948,4150,3783,2754,2426,2421,2734,6619,7096,6309,5861,6018,5006,5278,4872,4868,4109,4228,4343,3721,3258,2717,3456,2727,2517,2473,2436,2180,2381,3642,5087,5892,7113,6179,6100,4843,3331,2923,2528,2747,2800,3421,3260,4180,4205,3596,2727,2806,2507,2412,2166,2420,3019,5696,6561,6842,5292,4758,3349,3255,2565,2660,2845,3039,2998,3085,2895,2868,2880,2531,2357,2328,2314,2135,2478,3379,5781,5282,6214,6168,5943,4699,6342,6145,5464,5217,4811,4663,4641,3452,4240,4400,4383,3675,2905,2809,2570,2540,2578,5284,6927,6995,7222,7633,6793,5286,5937,5229,5945,5965,5708,5362,4627,5210,4728,4670,4585,3776,3229,2997,3023,3200,4515,5710,5461,6184,5726,4387,3826,3763,3424,3521,3620,3604
"2",2181,2330,2185,2070,1863,2125,2313,1914,5857,5676,5820,5004,3841,4243,3168,4181,4973,4769,4236,4160,4188,3933,3581,3667,3073,2776,2427,2204,2218,2187,2260,6032,6677,6957,5305,5427,4443,5164,4266,3430,2930,3363,2907,2928,2809,2998,3493,3315,2721,2660,2183,1953,2064,2123,2277,5962,6408,5954,6573,4180,3509,3137,2885,2873,2661,2983,2942,3226,3562,3712,3986,3166,3029,2684,2497,2189,2118,2156,2062,6166,6401,5955,5026,5029,4824,3906,2795,2760,2853,2771,3026,2542,2760,2908,3237,2670,2571,2247,1945,1874,1941,3910,6440,6810,5514,5385,4227,3431,3706,4186,4513,4269,4293,5008,4636,5107,4699,3961,3499,2783,2575,2683,2142,2291,2162,6090,7119,7062,5204,4316,4143,3285,2915,3199,2860,2637,2784,2907,2874,2279,2350,2244,2068,2171,2573,2280,3343,5080,6423,6383,7017,6297,5086,5253,4201,3384,3254,3279,3232,3006,3227,3448,3324,2437,2276,2111,2001,2061,2144,2324,5720,6464,7051,7066,6378,4420,4379,3496,3293,4172,3977,3935,4171,4362,3644,3579,3185,2481,2365,2371,2120,2218,2481,6881,6944,6783,6757,5301,3895,3749,3407,3116,3139,2792,2519,2559,2714,2582,2231,2148,2373,2168,2018,2317,2476,6687,7002,6957,6988,6822,5062,4531,5106,5686,4835,4681,4061,3385,3587,4046,4036,4670,3750,3257,2718,2516,2463,2389,2387,5008,7293,7327,6506,5594,4821,3675,3069,2895,2766,2822,2685,3025,2663,2657,2393,2500,2355,2239,2270,2264,2200,2499,4553,6150,5968,5134,4381,3548,2910,2848,3154,3903,3722,3714,4004,3506,3315,3292,2595,2327,2303,2104,2124,2357,2466,5739,6706,6570,6000,5223,4510,3349,3154,2897,2676,3102,2890,3014,2814,2695,2641,2483,2346,2205,2109,2065,2102,2228,3230,6745,6147,7234,6312,4062,3433,3283,3096,3129,3226,3280,3307,2820,2704,2635,2196,2476,2286,2284,2359,2117,4204,6398,6332,5617,6906,6981,5230,4433,4764,4849,4218,4191,3885,3308,3808,4216,3994,4327,3457,3301,2961,2503,2352,2952,6085,6808,5691,5812,6421,6169,4236,5088,4664,3845,3869,3692,3415,3315,2576,3153,2713,2316,2259,2208,2199,2542,3714,4516,6660,7037,6268,5072,3655,3682,3195,2814,2978,2815,3487,3990,3663,3737,3345,2713,2578,2227,2055,2254,2254,2754,6103,6867,6650,5613,4000,3286,2737,2883,2613,2658,3060,3274,2950,2888,2963,2338,2357,2392,2181,2276,2179,2395,3169,5707,5355,6081,5298,5259,5807,5604,5194,4653,4425,4179,4318,3579,4119,3436,3951,3566,3337,2585,2277,2295,2513,2267,5479,6373,7236,7025,7276,6028,5839,5556,5628,5732,5547,5508,5176,5125,4744,4798,4736,4430,3466,2989,2749,2883,2871,3931,5557,5143,6200,5514,4175,3646,3651,3313,3506,3705,3497
"3",2538,2600,2426,2168,2135,2103,2285,2793,6080,6519,6346,6070,4879,4656,3996,4435,5499,5814,5541,4841,4907,5136,4704,4778,3862,3057,2689,2326,2367,2223,2214,6917,7153,7448,6065,6296,5015,5698,4506,4266,3752,3678,3701,3486,3447,3686,4105,3695,3008,2720,2312,2062,2247,2210,2307,6388,7163,6833,6778,4760,3904,3561,3320,3278,3267,3419,3419,3765,3226,4132,4149,4117,3560,2972,2533,2276,2300,2279,2341,6804,6788,5957,5320,5134,5524,4389,3822,2998,3359,3021,2994,3105,3018,3120,3199,3181,2806,2437,2174,2043,2092,4017,6567,7497,5927,5774,4566,3623,4152,4572,4972,4866,5217,5098,5448,5597,5432,4782,3880,3166,2638,2579,2350,2319,2463,4447,6861,6990,5824,5288,4423,4098,3748,3766,3680,3387,3354,3199,2930,2627,2512,2495,2284,2253,2500,2365,3412,5552,6829,6606,7803,7421,6137,5843,5618,4513,4298,4128,4016,3753,4028,3905,3752,2891,2602,2381,2379,2259,2314,2436,6427,7785,7880,7736,7322,5674,4527,4267,4084,4835,4948,5010,5133,4945,4405,4009,3222,2783,2478,2487,2353,2524,2707,6981,7561,7528,7501,6064,5011,4104,3911,3801,3701,3563,3620,3245,3180,3055,2859,2587,2559,2426,2424,2654,2765,7463,7214,7039,7327,7281,4628,4888,6024,6760,6094,5480,5498,4874,4805,5026,4808,4953,3992,3508,2985,2643,2462,2557,2695,4498,7659,7945,7335,6777,5166,4134,3645,3607,3250,3517,3366,3232,2992,2824,2641,2572,2547,2419,2411,2352,2310,2524,5241,6630,5993,5272,3702,3575,3203,3118,3440,3882,4444,4293,4697,4519,4184,3780,3004,2710,2370,2323,2261,2425,2717,5810,7200,7244,6680,5634,4510,3940,3764,3632,3229,3482,3506,3346,3331,2981,2988,2690,2457,2296,2322,2272,2191,2436,3517,7445,6719,7321,6601,4843,4022,3617,3682,3707,4034,4038,3858,3520,3419,3152,2471,2421,2336,2292,2248,2378,3843,6286,6642,5520,7111,6833,6218,4695,5702,5346,4823,4909,4622,4331,4076,4172,4298,4365,3834,3211,2749,2438,2454,4725,6681,7493,6432,6078,7000,6203,5454,5579,5743,5120,4914,4469,4356,3541,3108,3197,2844,2581,2373,2296,2194,2549,3819,5012,7355,7726,7131,6424,4541,3778,3367,3243,3335,3337,3818,4122,4585,4409,3520,2844,2585,2397,2215,2160,2490,3099,5955,7391,7602,5443,5329,3898,3517,3363,3110,3315,3822,3851,3506,3573,3310,2897,2740,2376,2369,2419,2240,2654,3392,5966,5977,6569,6380,5975,6211,6632,6314,5823,5979,5397,4993,4819,4473,4642,4279,4307,3761,3450,2965,2551,2555,2600,5837,7638,7261,7245,7178,6964,6480,6237,6013,6194,5810,5977,5841,5804,5660,5441,5490,5297,4266,3276,3019,3050,3098,3814,5341,5009,6032,5910,4821,4278,4219,4000,4106,4121,4156
"4",2864,3122,2831,2478,2436,2381,2643,3224,6549,6887,6290,6236,4814,5015,4204,4282,5626,5793,6014,5716,5298,5132,5478,5026,4848,3428,3101,2797,2647,2628,2546,7168,7653,7911,6594,6978,6014,6219,4652,4179,3921,4257,4004,3836,3578,3973,4125,4012,3494,3235,2647,2489,2567,2525,2676,7191,7504,7804,7778,5281,4423,4201,3756,3695,3864,3935,3935,4161,3384,4621,4562,4785,4246,3488,2885,2799,2788,2730,2812,7854,7797,6745,5676,5431,6214,4979,4563,3724,3833,3690,3910,3811,4028,4082,4297,3797,3418,3069,2639,2562,2694,5468,7632,7865,6937,6750,5557,4151,4945,5349,5343,5378,5757,5337,5786,6302,5556,5255,4316,3615,3172,3181,2903,3022,2961,7288,7998,7992,6465,5854,4498,4115,3977,3895,3818,3576,3671,3750,3195,3094,2792,2689,2655,2611,2985,2923,3793,6411,7626,7553,8179,8070,6734,6242,6471,4936,4895,4868,4872,4433,4677,4485,4264,3495,2968,2857,2642,2574,2707,2797,7503,7935,8162,7856,7613,6343,5226,4579,4357,5099,5208,5044,5205,5282,4773,4224,3446,3175,2702,2692,2602,2840,3081,7657,8214,7939,7850,6074,5152,4401,4012,3863,3874,3639,3626,3244,3260,3183,3087,2692,2815,2675,2655,2871,2867,8022,7727,7884,7533,7908,5122,5414,6239,6863,6493,5997,5854,5737,5687,5657,5349,5371,4561,4093,3458,3118,2889,2921,3083,5156,7960,8323,7866,7323,5540,4671,4047,4042,3706,3702,3721,3612,3210,3097,2924,2749,2755,2606,2532,2495,2483,2748,4335,6252,6324,5342,4303,3689,3300,3162,3389,3374,3990,3951,4381,4126,4121,3849,3366,2944,2668,2459,2441,2482,2758,5738,7049,7202,6686,5872,4267,3955,3576,3640,2923,3445,3488,3386,3293,3228,2968,2847,2504,2446,2479,2421,2346,2419,3586,7476,7037,7567,6421,4671,4181,3775,3547,3854,4511,4071,4241,3886,3681,3671,2845,2703,2441,2424,2473,2531,4418,6699,7498,7039,7550,7286,6459,5358,5750,5661,5334,5485,5174,4641,4546,5116,4993,5029,4495,3561,3191,2836,2763,3959,7006,7581,6424,6366,6933,6775,5532,5524,5897,5222,5178,5533,4900,3871,3250,3821,3057,2720,2634,2553,2481,2892,5090,6241,7445,7985,7403,6850,5040,4187,3683,3500,3752,3704,4388,5009,4930,5085,4514,3057,2930,2681,2541,2492,2693,3467,6421,7149,7583,5574,5409,3983,3594,3367,3226,3428,3921,3919,3769,3708,3430,3011,2877,2610,2532,2534,2378,2975,3876,6716,6535,7174,7187,6671,6646,6976,6670,6513,5870,5898,5698,5897,5225,5024,5163,4733,4117,3150,3032,2797,2825,2953,6599,8051,7699,7659,7718,7421,6772,6600,6390,6899,6519,6537,6062,5847,5794,5804,5333,5484,4644,3420,3190,3245,3001,3477,5636,5903,6848,6573,5089,4694,4334,3849,4046,3853,3884
"5",2925,2720,2755,2544,2360,2424,2599,2838,6068,6618,6542,6502,4843,5332,4266,4167,5530,5756,6194,5912,5257,5685,5224,5252,4596,4160,3516,3063,2640,2719,2657,7237,7642,7874,7377,7192,6563,6537,5198,4553,4041,4209,4066,3697,3518,4252,4489,4322,3890,3563,2736,2473,2526,2538,2713,6359,7507,7595,7574,5810,4454,4334,3871,3936,3735,3945,3945,4104,3654,5154,4935,4909,4547,3750,3054,2725,2509,2550,2759,7598,7738,6769,5837,5512,5917,5349,4884,4025,3915,3840,3851,4077,3761,3776,4316,4150,3649,2946,2603,2402,2434,4537,7170,8111,7241,6758,5435,4426,5151,5588,5543,5624,5944,5389,6291,6449,6025,5293,4560,4167,3132,3331,2821,2912,3104,5618,7771,8211,6811,5673,5340,4729,4107,3761,4271,3677,3737,3559,3390,2887,2911,2777,2697,2625,2930,2769,3361,6330,7681,7797,8180,7930,6570,6560,5969,5482,4739,4864,4874,4420,4930,4398,4621,3693,3087,2778,2452,2553,2716,2649,6839,7876,8219,8016,7777,6170,5036,4786,4791,5030,5120,4897,5315,5632,5381,4932,4093,3330,2827,2863,2705,2674,3021,7282,8091,8020,8213,6896,5488,4582,4627,4337,4164,4010,4019,3572,3761,3542,3405,2955,2879,2836,2554,2701,2860,7493,7425,7840,7652,7655,5495,5574,6263,7201,7023,6403,5578,5496,5449,5650,5218,5732,5073,4643,3772,3098,2897,2925,2953,4789,8175,8208,8121,7435,6017,4982,4357,3751,3557,3848,3664,3625,3207,3141,2815,2770,2721,2508,2505,2454,2343,2664,4320,7134,6226,5334,4044,3630,3019,3008,2851,3367,3600,3625,4193,3778,3920,3979,3097,2834,2643,2379,2427,2446,2614,5185,6960,7267,7030,5840,4821,3941,3923,3818,2838,3534,3319,3335,3428,3346,3072,2770,2666,2354,2526,2339,2387,2310,3226,7574,7508,7771,6687,4913,4084,3665,3775,3651,4554,4358,4308,4046,4065,3564,2896,2645,2573,2531,2499,2461,4043,6512,7505,7022,7733,7472,6848,5175,6112,6134,5673,5468,5459,4329,5033,5075,4888,4964,3970,3844,3219,2897,2738,3647,6641,7873,6405,6202,7160,6796,5432,6009,6107,5799,5350,4565,4693,4235,3628,3478,3496,2833,2658,2522,2463,2853,4860,6082,7884,8198,7835,7047,5033,4515,3874,3577,3411,3787,3947,4720,5012,5282,4513,3496,2907,2644,2425,2475,2665,3385,6134,7728,8056,6129,5898,4302,3662,3389,3166,3263,3492,3507,3690,3615,3444,3107,2992,2851,2505,2579,2397,2793,3827,6790,6941,7282,7247,6714,6469,6807,6932,6412,6727,5842,5934,5307,5571,5379,4943,5189,4610,3419,3343,3013,2824,2978,6542,8078,7917,7782,7875,7354,7267,6792,6676,6329,6504,6590,6198,6176,5893,5529,5330,5553,4719,3561,3308,3280,2978,3575,5692,5873,6761,6612,5055,4467,4117,3631,3919,3773,4005
"6",2883,2907,2761,2452,2322,2361,2521,2850,6290,6774,6739,6516,5130,5454,4495,4270,5487,5893,6305,6009,5817,5534,5520,5521,4925,4057,3565,2997,2839,2695,2605,7227,7711,8123,7551,7314,6342,6111,5033,4740,4274,4194,4189,4229,3685,4027,4629,4496,3872,3514,2702,2483,2491,2536,2656,6694,7492,7687,7500,5693,4660,4108,3981,3844,3815,3769,3769,4218,3606,5238,5080,4977,4470,3456,2984,2675,2635,2683,2702,7359,7697,7040,5925,4902,5716,5381,4669,4224,3903,4093,4109,4166,3765,4116,4336,4007,3589,3005,2566,2487,2488,5023,7351,8113,7206,6829,5347,4396,4685,4973,5302,5190,5790,5202,5815,6213,5884,5426,4748,4091,3261,3291,2837,3044,2848,4271,7939,8067,6746,6065,5179,4847,4599,4154,4109,3659,3873,3724,3357,3089,2918,2787,2605,2514,2834,2885,3979,6609,7714,7499,7718,7934,6598,6359,6350,5163,4711,4961,4966,4796,4704,4594,4637,3530,3019,2743,2632,2569,2538,2743,7217,8205,8411,8086,7756,6481,5416,5009,4748,5068,5533,5232,5596,5509,5209,4745,3998,3251,2803,2861,2606,2785,3053,5398,8179,8150,8214,6968,5749,5045,4624,4710,4265,4037,3932,3690,3753,3694,3292,3009,2991,2910,2607,2858,2922,7827,7715,7916,7773,7828,5176,5377,6524,7093,6885,6348,5894,5860,5499,5985,5413,5634,4998,4480,3634,3064,2934,2888,3021,4820,8099,8348,8102,7477,5869,4932,4410,4067,3748,4070,4087,3805,3229,3047,2881,2752,2571,2535,2442,2360,2351,2562,4282,6814,6304,5151,4062,3506,3033,3034,3032,3608,3734,3893,4265,4121,3989,3988,3349,2819,2479,2323,2357,2433,2631,4756,6961,7202,7204,5904,4811,4152,3891,3950,3509,3781,3391,3289,3392,3253,2999,2774,2566,2383,2408,2302,2321,2394,3250,7738,7697,7773,6496,4821,4221,3683,3590,4112,4509,4329,4636,4236,3946,3984,2859,2618,2492,2522,2419,2466,3825,6506,7435,6954,7696,7341,6438,5052,5936,6212,5240,5859,5543,4911,5099,5429,5299,5038,4159,3578,3014,2679,2699,4928,6671,7949,6519,6250,6841,6886,5735,5743,6153,5415,5454,5278,5047,4106,3386,3712,3218,2630,2424,2421,2338,2606,5098,5891,7970,8109,7751,7183,5220,4286,3782,3410,3483,3887,4301,4789,5202,5053,4461,3218,2728,2502,2349,2286,2496,3182,5298,7718,8058,6105,6311,4311,3707,3474,3303,3553,3770,3766,3690,3633,3395,3070,2844,2780,2346,2472,2336,2731,3891,6845,7032,7119,7025,6447,6446,7083,6899,6775,6598,6068,5734,6064,5271,5323,4938,4748,4477,3215,3350,2758,2654,2876,6273,8101,7796,7732,7732,7508,7169,6620,6485,6786,6705,6679,6198,6176,5893,5529,5330,5553,4719,3561,3308,3280,2978,3575,5692,5873,6761,6612,5055,4467,4117,3631,3919,3773,4005
"7",2629,2872,2603,2450,2168,2301,2513,2801,6031,6675,6650,6287,5068,4958,4124,4170,5339,5662,6130,6119,5644,5483,5425,5570,4581,3482,3218,2751,2883,2717,2559,7164,7727,8082,7083,7165,5788,5640,4866,4516,4030,3918,3913,3934,3371,3963,4529,4347,3559,3444,2539,2384,2394,2447,2395,6662,7510,7570,7565,5595,4485,3763,3749,3747,3623,3538,3538,3995,3520,4848,4979,4449,4203,3169,2929,2632,2486,2616,2529,7036,7528,6693,5785,4567,5137,4842,4595,3846,3790,3785,3634,3726,3392,3971,4164,3937,3341,2869,2518,2375,2422,4808,7210,8052,6799,6666,5106,4231,4377,4869,4973,4720,5304,4972,5781,6115,5766,5205,4636,3878,3209,3142,2706,3038,2710,3875,7578,8014,6591,5843,5009,4498,4198,3829,4044,3584,3839,3539,3234,2953,2875,2692,2468,2393,2797,2742,3901,6577,7314,7255,7843,7812,6241,6057,5974,4817,4433,4419,4390,4408,4128,4245,4403,3235,2724,2554,2572,2515,2499,2573,7015,8037,8317,8028,7566,6419,5345,4898,4318,4807,5254,4936,5003,5415,4704,4546,3850,3123,2675,2766,2513,2706,3004,4555,8142,8043,7926,6822,5515,4995,4470,4265,3802,3933,3664,3455,3677,3413,3002,2841,2839,2726,2441,2760,2919,7828,7634,7850,7754,7711,4855,5028,6064,6769,6411,6207,5565,5570,5255,5643,5253,5538,4644,4164,3435,2975,2868,2850,2922,4822,8105,8285,7842,7218,5765,4710,4043,3979,3668,3959,3920,3555,3034,2938,2725,2607,2421,2449,2393,2351,2313,2454,4177,6527,6205,4823,3927,3204,2896,2927,2846,3415,3777,4042,4549,3960,3606,3808,3120,2653,2417,2278,2247,2390,2619,4488,6811,6839,7104,5764,4617,3973,3696,3843,3447,3537,3164,3225,3180,3024,2801,2637,2397,2303,2229,2206,2290,2360,3079,7670,7677,7669,6350,4596,4008,3647,3565,3718,4391,3784,4263,3907,3576,3605,2727,2542,2445,2381,2371,2377,3793,6361,7182,6807,7448,7075,6062,4601,5422,6060,4815,5689,5183,4426,4957,5332,5148,4972,4076,3451,2947,2615,2571,5524,6609,7930,6618,6129,6496,6617,5260,5236,5676,5002,5309,5059,4331,3867,3249,3482,3062,2441,2185,2202,2254,2583,5094,5696,7928,7864,7403,6752,5000,3955,3576,3235,3160,3803,4208,4568,4645,4551,4311,3062,2575,2341,2255,2254,2453,3292,5159,7598,7940,6091,6171,4211,3668,3465,3265,3357,3826,3823,3654,3321,3236,2867,2618,2666,2287,2435,2401,2551,4013,6725,6688,6750,6966,5892,5931,6781,6710,6370,6238,5878,5308,5812,4868,4729,4661,4386,4111,3278,3137,2535,2535,2773,5315,7815,7641,7239,7592,7146,6849,5816,6175,6049,6472,6542,6066,6145,5949,5685,5503,5572,4681,3871,3374,3513,3126,3925,5921,6016,6878,6655,5025,4471,4170,3876,4003,3916,4065
"8",2883,2907,2761,2452,2322,2361,2521,2850,6290,6774,6739,6516,5130,5454,4495,4270,5487,5893,6305,6009,5817,5534,5520,5521,4925,4057,3565,2997,2839,2695,2605,7227,7711,8123,7551,7314,6342,6111,5033,4740,4274,4194,4189,4229,3685,4027,4629,4496,3872,3514,2702,2483,2491,2536,2656,6694,7492,7687,7500,5693,4660,4108,3981,3844,3815,3769,3769,4218,3606,5238,5080,4977,4470,3456,2984,2675,2635,2683,2702,7359,7697,7040,5925,4902,5716,5381,4669,4224,3903,4093,4109,4166,3765,4116,4336,4007,3589,3005,2566,2487,2488,5023,7351,8113,7206,6829,5347,4396,4685,4973,5302,5190,5790,5202,5815,6213,5884,5426,4748,4091,3261,3291,2837,3044,2848,4271,7939,8067,6746,6065,5179,4847,4599,4154,4109,3659,3873,3724,3357,3089,2918,2787,2605,2514,2834,2885,3979,6609,7714,7499,7718,7934,6598,6359,6350,5163,4711,4961,4966,4796,4704,4594,4637,3530,3019,2743,2632,2569,2538,2743,7217,8205,8411,8086,7756,6481,5416,5009,4748,5068,5533,5232,5596,5509,5209,4745,3998,3251,2803,2861,2606,2785,3053,5398,8179,8150,8214,6968,5749,5045,4624,4710,4265,4037,3932,3690,3753,3694,3292,3009,2991,2910,2607,2858,2922,7827,7715,7916,7773,7828,5176,5377,6524,7093,6885,6348,5894,5860,5499,5985,5413,5634,4998,4480,3634,3064,2934,2888,3021,4820,8099,8348,8102,7477,5869,4932,4410,4067,3748,4070,4087,3805,3229,3047,2881,2752,2571,2535,2442,2360,2351,2562,4282,6814,6304,5151,4062,3506,3033,3034,3032,3608,3734,3893,4265,4121,3989,3988,3349,2819,2479,2323,2357,2433,2631,4756,6961,7202,7204,5904,4811,4152,3891,3950,3509,3781,3391,3289,3392,3253,2999,2774,2566,2383,2408,2302,2321,2394,3250,7738,7697,7773,6496,4821,4221,3683,3590,4112,4509,4329,4636,4236,3946,3984,2859,2618,2492,2522,2419,2466,3825,6506,7435,6954,7696,7341,6438,5052,5936,6212,5240,5859,5543,4911,5099,5429,5299,5038,4159,3578,3014,2679,2699,4928,6671,7949,6519,6250,6841,6886,5735,5743,6153,5415,5454,5278,5047,4106,3386,3712,3218,2630,2424,2421,2338,2606,5098,5891,7970,8109,7751,7183,5220,4286,3782,3410,3483,3887,4301,4789,5202,5053,4461,3218,2728,2502,2349,2286,2496,3182,5298,7718,8058,6105,6311,4311,3707,3474,3303,3553,3770,3766,3690,3633,3395,3070,2844,2780,2346,2472,2336,2731,3891,6845,7032,7119,7025,6447,6446,7083,6899,6775,6598,6068,5734,6064,5271,5323,4938,4748,4477,3215,3350,2758,2654,2876,6273,8101,7796,7732,7732,7508,7169,6620,6485,6786,6705,6679,6198,6176,5893,5529,5330,5553,4719,3561,3308,3280,2978,3575,5692,5873,6761,6612,5055,4467,4117,3631,3919,3773,4005
"9",2925,2797,2855,2564,2437,2354,2396,2950,6934,7113,6853,6206,5008,5105,4256,4317,6015,6065,6143,5565,5516,5431,4778,5492,4447,3503,3128,2686,2901,2574,2524,6567,7301,7892,6709,7052,5930,5944,4881,4198,3862,4234,3921,3540,3562,3679,4403,4455,3670,3257,2610,2452,2464,2374,2656,7510,7808,7684,7786,5738,4401,4356,3806,3399,3590,3962,3962,4296,3930,4685,4320,4817,4244,3432,2865,2589,2837,2591,2635,7833,7767,7121,5853,4754,5970,5154,4561,3806,3402,3709,3231,3825,3783,3762,3875,3804,3392,2898,2424,2271,2470,5568,7704,8306,7139,6679,4991,4347,4796,5075,5301,5549,5542,6187,5738,6398,5905,5214,4157,3637,2652,2903,2851,2934,2880,4441,7764,8011,6518,5700,4805,4222,3920,3827,3875,3537,3229,3585,3042,3000,2858,2356,2554,2539,2865,2835,3219,6260,7391,6135,8090,7805,6236,6033,5870,4201,4455,4247,4320,4044,4084,3955,4393,3200,2890,2683,2480,2371,2697,2795,6761,7895,8163,8019,7320,5896,4666,4116,4039,4582,5165,5098,5503,5242,5090,4502,3662,3159,2673,2650,2427,2653,2861,7595,8183,7580,7671,6032,5006,4149,3971,3841,3637,3503,3519,3034,3450,3388,3042,2888,2842,2671,2572,2730,2795,8026,7819,7984,8070,7899,5342,5783,6368,6968,6458,5835,5292,5295,4745,5314,5118,5370,4570,4243,3430,2966,2850,2777,3015,6357,7951,7804,7403,6494,5620,4356,4051,3575,3262,3699,3723,3338,3099,3151,2789,2882,2776,2629,2593,2491,2512,2758,5835,7250,7841,5686,4166,3836,3259,3183,3420,4024,4588,4482,4890,4587,4625,4076,3313,3073,2754,2669,2525,2651,2838,6175,7440,7545,7218,5724,4891,4191,3906,3627,3200,3865,3479,3348,3563,3405,3093,2911,2729,2469,2574,2409,2529,2686,3789,7922,7399,8029,6853,4862,4013,3406,3556,3742,4259,4294,4349,3850,3305,3510,2766,2438,2490,2524,2344,2386,4579,6934,7351,7244,7628,7312,6728,4511,5555,5645,5146,5260,4990,4321,4732,4757,4788,4797,4111,4052,2974,2758,2693,4114,7615,8010,7070,6367,7251,6904,5275,5546,5365,5403,5635,4783,4626,4061,3309,3515,3072,2787,2562,2626,2317,2942,4222,6406,7553,8226,7745,6514,4914,4202,3842,3293,3214,3897,4550,4917,5435,5281,4258,3072,2759,2589,2507,2398,2611,3467,6657,7748,6977,5636,4682,3438,3114,3353,2946,3103,3693,3750,3637,3287,3283,2928,3022,2892,2537,2490,2284,2981,3921,6518,6366,7394,6764,6638,6320,6795,6547,6230,5753,5266,5486,4673,4784,4936,4286,4852,4097,3332,2813,2800,2663,2988,4372,8274,7758,7905,7873,7073,6204,6462,6140,6407,6287,6308,5715,5520,5548,5387,5130,5207,4217,3207,3230,3381,3168,4741,5949,6425,7278,6478,4850,4448,4263,4175,4324,4235,4291
"10",2789,2957,2696,2550,2261,2378,2506,2896,6706,7004,6683,5970,5185,5423,4442,4491,6162,5973,5677,5304,5718,5478,5060,5207,4294,2954,2724,2550,2517,2367,2516,7202,7423,7906,6233,7304,6063,5503,4850,4690,3643,3999,4178,3958,3741,3937,4357,4475,3185,3214,2525,2312,2337,2328,2461,7043,7777,7663,7857,5663,4842,4134,4084,3899,3880,3712,3712,4210,3726,4660,4698,4327,3876,3070,2866,2594,2540,2559,2707,7441,7784,6939,5428,5358,5858,5219,4828,3473,3979,4004,4011,3527,3613,3898,4026,3605,3192,2791,2430,2317,2407,5161,7650,7874,7048,7011,5759,4906,5186,5621,4985,5365,5313,5129,5843,5607,5600,5204,4474,3431,3076,3315,3032,3191,2936,4325,7818,7890,5933,5694,5074,4441,3816,3977,3941,3817,3972,3552,3330,2898,2834,2398,2433,2358,2715,2771,3655,6513,7298,6959,7964,7582,6284,5517,5596,5276,4521,4344,4114,4593,4039,4169,4182,2968,2602,2546,2487,2448,2641,2761,6802,7453,7674,7109,7550,6064,5047,4861,3960,5123,5146,4839,4651,5102,4287,4189,3721,2882,2572,2609,2390,2669,2971,7506,7961,7666,7206,6141,5037,4610,4346,3616,3524,3466,3397,3171,3160,3308,2841,3059,2736,2473,2407,2637,2763,7845,7919,7999,7939,7680,5088,5633,6071,6069,5838,5920,5532,5158,5286,4929,5053,5231,4372,3696,3249,3009,2887,2729,2869,6273,7969,8033,7594,6785,6161,4158,3708,3972,3321,3974,3918,3829,3408,3352,2659,2691,2683,2602,2563,2548,2511,2758,5698,7007,6757,5471,4585,3867,3450,3278,3702,4136,4617,4610,4780,4468,3929,3241,3294,2913,2619,2496,2404,2703,2927,6077,7300,6959,6968,5935,5097,4262,4062,3548,3703,4119,3772,3527,3747,3213,3164,2946,2473,2505,2538,2460,2439,2594,3901,7702,7626,8000,6664,4754,4154,3879,4088,3830,4631,3986,3965,3589,3668,3209,2886,2686,2423,2487,2511,2470,4720,6989,7709,7738,7440,7500,5979,4979,5680,5842,4652,5370,5208,4297,4900,5110,4948,4979,4262,3860,3256,2869,2636,4659,7252,8179,6868,6608,6640,6918,5264,4857,5788,5314,5267,5154,4249,4483,3509,3864,3090,2739,2557,2464,2453,3033,4641,7010,7585,7768,7414,6394,4972,4005,3986,3412,3455,4228,4805,5170,4383,4515,4346,3090,2876,2464,2402,2504,2614,4160,7282,8078,7965,6493,5051,4198,3531,3748,3462,3411,3960,4131,3962,3807,3554,3127,2987,2914,2517,2619,2520,3114,4482,7194,6270,7458,7442,6217,6114,6803,6700,5553,5988,5481,5431,5164,4722,4263,4647,4373,4034,3032,2831,2717,2648,2801,6474,7847,7766,7385,7844,6788,6253,5602,6128,5386,5997,5656,6027,5802,5789,5563,5256,5395,4488,3378,3220,3357,3136,4170,6232,6744,7421,6696,4897,4215,4085,3843,3959,3933,3933
"11",2608,2890,2602,2384,2260,2348,2486,2835,6534,7007,6416,5945,5277,5119,4470,4374,5863,5838,5576,5096,5633,4992,5057,5051,4194,2830,2689,2532,2403,2347,2528,7264,7200,8010,6338,7214,5788,5477,4423,4482,3562,3800,3943,3611,3671,3457,3856,4413,3062,3014,2413,2297,2315,2351,2435,7167,7768,7789,7825,5262,4818,4047,4112,3622,3818,3440,3440,4313,3581,4485,4774,4228,3814,3042,2832,2643,2618,2609,2803,7625,7302,6568,5332,5255,5489,4576,4086,3209,3825,3853,3567,3406,3617,3952,4209,3521,3095,2841,2494,2355,2445,5245,7722,7907,6679,7058,5796,4738,4739,5166,4947,5319,5384,4794,5358,5425,5044,5333,4347,3348,3096,3382,2946,3159,2916,4642,7871,7402,5998,5787,4844,4068,3765,3879,3663,3664,3789,3575,3302,2945,2794,2389,2372,2272,2737,2811,3819,6268,7043,7082,7598,7015,6341,5193,5634,4898,4479,4252,4044,4601,4085,4301,3691,2962,2593,2537,2516,2482,2514,2658,6911,7622,7503,7040,7705,6039,5031,4732,3785,5065,5131,4679,4608,5098,4014,3635,3480,2836,2443,2453,2392,2663,2963,7349,7912,7774,7067,5475,5063,4618,4093,3577,3455,3368,3278,3117,2920,3052,2747,2861,2554,2359,2388,2629,2709,7896,7784,8033,7619,7662,4932,5556,5962,5826,5504,5942,5382,5178,5164,4842,5129,5269,4000,3506,3163,3004,2829,2549,2849,5933,7645,8076,7396,7077,5895,4075,3752,3818,3314,3836,3792,3690,3290,3252,2653,2561,2600,2551,2497,2468,2517,2629,5345,6558,6484,5330,4477,3774,3330,3110,3535,3978,4423,4380,4248,4254,3728,3059,3194,2818,2424,2416,2372,2670,2866,5904,7208,6858,6799,5813,4751,4110,3806,3419,3646,3901,3691,3343,3331,3042,2888,2934,2366,2421,2510,2428,2386,2453,3765,7621,7497,7794,5938,4551,4031,3601,3856,3856,4507,3874,3633,3520,3581,3235,2867,2661,2292,2346,2373,2445,4595,6513,7817,7589,7540,7504,5726,4951,5254,5612,4465,5412,5131,4300,4634,5160,4943,4931,4203,3819,3205,2717,2599,4565,7226,8144,6813,6677,6560,6684,5000,4475,5353,4553,5135,4891,4138,4329,3275,3519,2770,2532,2502,2412,2412,2788,4566,6899,7640,7616,7017,6536,4899,3814,3492,3163,3461,3881,4812,5057,4238,4093,4108,2770,2825,2411,2344,2369,2523,3930,7254,7866,7805,6754,5101,4017,3530,3485,3364,3383,3794,4019,3852,3757,3523,3011,2926,2766,2430,2530,2398,2950,4232,7250,6179,7553,7366,6113,5888,6814,6522,5373,5450,5385,5266,5093,4440,4241,4548,4175,3745,2999,2791,2630,2581,2705,5568,7868,7792,7280,7809,6994,5950,5444,6174,5369,6051,5396,6027,5802,5789,5563,5256,5395,4488,3378,3220,3357,3136,4170,6232,6744,7421,6696,4897,4215,4085,3843,3959,3933,3933
"12",2573,2829,2606,2296,2302,2221,2475,2860,6569,7068,6346,6168,5177,4932,4527,4056,5266,5854,5649,4839,5311,4430,4921,5000,4271,3005,2837,2602,2464,2422,2438,7344,7261,8028,6719,6920,5707,5757,4263,4104,3652,3818,3827,3422,3636,3201,3639,4023,3157,2950,2365,2335,2348,2375,2517,7290,7686,7953,7642,5147,4661,4151,3943,3390,3717,3476,3476,4272,3307,4101,4698,4386,3921,3182,2732,2655,2635,2680,2896,7927,7236,6554,5533,4892,5480,4293,3751,3325,3713,3712,3267,3477,3658,4032,4196,3556,3161,2907,2566,2437,2528,5483,7752,8166,6622,6941,5682,4291,4563,4824,5105,5413,5578,4922,5184,5590,4838,5323,4034,3449,3177,3359,2942,3074,2904,5134,7954,7345,6268,5684,4386,3831,4002,3811,3572,3289,3507,3547,3237,3017,2645,2358,2417,2289,2782,2855,3945,6257,7170,6988,7584,6898,6272,5287,5874,4396,4525,4342,4143,4413,4279,4442,3578,3088,2720,2603,2527,2488,2430,2726,7127,7875,7644,7354,7938,6148,5116,4639,3969,5098,5113,4750,4766,5153,4086,3379,3121,2897,2445,2390,2455,2726,2925,7090,8030,7872,7344,5201,5279,4478,3722,3673,3608,3575,3369,3208,2945,2887,2771,2584,2475,2379,2421,2650,2552,8033,7460,8139,7620,7774,5055,5515,5990,5984,5605,5858,5264,5337,4977,5037,5084,5190,3864,3594,3235,3053,2684,2452,2884,5762,7586,8135,7444,7373,5520,4327,3944,3749,3358,3627,3650,3540,3168,2983,2710,2543,2576,2532,2397,2344,2452,2504,4878,6199,6574,5284,4018,3695,3298,3049,3382,3729,4134,4176,3889,4179,3757,3168,3061,2768,2283,2262,2327,2446,2765,5739,7101,6960,6730,5783,4191,3941,3655,3399,3380,3619,3573,3243,2976,3018,2659,2825,2328,2235,2474,2407,2343,2368,3550,7476,7371,7444,5550,4564,4036,3290,3438,3942,4368,3894,3679,3654,3529,3300,2864,2553,2191,2244,2251,2420,4307,6167,7784,7207,7779,7431,5865,5133,5073,5270,4674,5255,4904,4412,4196,5073,4917,4749,4159,3874,3136,2617,2630,4264,7224,8010,6833,6594,6660,6100,5268,4576,5184,4245,5211,5037,4302,4033,2962,3169,2629,2425,2480,2411,2343,2630,4311,6749,7765,7759,6969,6875,4984,3935,3262,3216,3509,3635,4479,4829,4352,4126,3586,2629,2798,2428,2350,2202,2484,3653,6923,7452,7403,6818,5331,3729,3586,3177,3305,3436,3854,3982,3537,3664,3465,2988,2760,2538,2388,2345,2258,2809,3971,7150,6395,7631,7205,6283,5941,6558,6460,5665,5293,5510,5235,5286,4423,4398,4589,4161,3634,3043,2823,2636,2609,2732,3948,7990,7852,7443,7730,7299,5953,5686,6201,5776,6265,5573,6027,5802,5789,5563,5256,5395,4488,3378,3220,3357,3136,4170,6232,6744,7421,6696,4897,4215,4085,3843,3959,3933,3933
"13",2949,3021,3023,2719,2561,2443,2730,4125,7306,6993,6646,6471,4916,4570,4171,4178,5758,6247,6234,6114,5731,5733,5458,5821,4948,3760,3415,3130,2876,2735,2674,7528,7992,8137,7807,7250,5765,6542,5350,4934,4411,4499,4453,4006,3976,4303,4831,4703,3925,3589,2827,2574,2642,2572,2859,7175,8460,8007,7938,5212,4553,4388,3877,3857,3844,3974,3974,4278,3631,5308,5001,5016,4492,3583,2971,2776,2707,2696,3006,7836,7252,6782,5371,4189,5715,4946,4557,4073,3787,3677,3881,4105,3813,4010,4496,4688,3796,3166,2737,2572,2880,3936,7282,8362,7066,6661,5322,4390,5141,5375,5515,5744,5962,5862,6313,6430,6295,5615,4768,4017,3273,3274,2961,3209,3240,7542,8214,8395,6418,5595,5011,4421,4459,3800,4096,3638,3822,3750,3299,2995,2968,2840,2744,2634,2487,2905,3734,6515,7731,7235,8254,7772,6268,5853,5629,4748,4441,4401,4416,4254,4335,4666,4735,3618,3119,2833,2617,2514,2737,3277,7590,7936,8265,8159,7953,6302,5368,5055,4815,4981,5565,5610,5639,5776,5170,4660,3653,3257,2831,2844,2595,2817,3015,5202,8315,8068,8285,6889,5813,4869,4592,4333,4385,4077,4052,3653,3735,3605,3338,3065,2896,2857,2695,3098,3104,8092,7766,7485,6839,7519,5282,5660,6614,7297,6791,6059,5612,5613,5543,5731,5643,5817,5119,4520,3767,3246,2978,2873,3115,4887,8218,8347,8157,8055,6526,5602,4784,4377,3956,3923,3913,3795,3547,3202,3019,2862,2725,2674,2565,2515,2489,2710,4674,6210,6882,5064,4162,3497,3307,3198,3514,3782,4550,4671,4776,4571,4281,3714,3207,2870,2539,2561,2571,2509,2666,2862,7106,7398,7613,6267,5153,4815,4433,4002,3599,4346,4015,3622,3527,3406,3071,2950,2680,2471,2587,2446,2493,2688,4732,7932,7702,7990,7331,5619,4993,4339,4563,4525,5080,4929,4902,4377,3968,3516,3061,2745,2445,2494,2318,2599,3497,5916,7791,7924,8001,7485,5928,4622,5785,5908,5653,5748,5278,5104,5164,5291,5192,5100,4314,4128,3122,2754,2654,4631,7829,8055,7200,6513,7020,6531,5613,5764,5611,4805,5306,5049,4654,4110,3359,3558,3286,2861,2635,2624,2514,2991,5417,6412,7945,8376,7713,7116,5116,4449,3797,3518,3402,3675,3960,4396,5160,5446,4524,3286,2994,2680,2454,2414,2638,3324,7114,7475,7497,5429,5886,3882,3434,3411,3113,3285,3976,4027,3928,3908,3581,3341,3027,2649,2455,2447,2372,2778,3622,6992,7320,6912,7249,7072,6774,7091,7011,6512,5932,5846,5472,5386,4912,4936,4799,4820,4256,3982,2895,2844,2712,2930,7100,8123,7990,7272,7512,7385,6771,6564,6665,6750,6610,6770,6469,6251,6311,5985,5733,5845,4754,3545,3484,3711,3405,4212,6268,6371,7297,6395,4973,4511,4389,3847,3910,4001,4150
"14",2620,2997,2565,2656,2311,2080,2509,3148,6831,6312,6026,5968,4949,4447,3831,3963,5065,5063,5489,5773,4657,4884,4793,5740,4483,3612,3118,2706,2670,2395,2228,6844,7132,7472,7013,6456,5488,5720,5116,4155,3956,3852,3995,3508,3316,3878,4170,3617,3369,3181,2604,2248,2257,2452,2456,6666,8214,7708,8105,5348,4382,4075,3653,3788,3817,3699,3699,4165,3667,4513,4169,4551,3747,3276,2781,2738,2543,2345,2820,7565,6775,6618,5145,4085,5211,4522,4004,3827,3603,3383,3500,3542,3313,3307,3762,4015,3194,2719,2305,2191,2505,3775,7092,7501,6579,6571,5536,4288,4743,5108,4997,5053,5390,4806,5196,5650,5632,5173,4198,3569,3015,3121,2880,2995,3172,6931,7574,8155,5860,5584,4918,4383,4160,3714,3992,3744,3826,3439,3184,2937,2789,2506,2492,2446,2176,2584,3284,6157,7254,7406,7736,7489,6575,5943,5193,4606,4176,3979,4109,3801,4229,4026,4088,3115,2909,2760,2626,2314,2599,2567,6834,7650,7778,7672,7090,5697,4852,5026,4516,4789,5178,4862,4959,5055,4404,3962,3658,2930,2629,2720,2403,2574,2926,4469,7859,4307,7919,6720,5726,4620,4439,4102,3857,4090,3768,3552,3377,3371,3270,2864,2787,2603,2523,2687,3189,7832,7052,7455,6346,6568,5005,5282,6019,6301,5905,5435,5366,4768,5028,4598,4985,4948,4463,3951,3519,2978,2763,2784,2633,4304,7756,8168,7820,7890,6597,5342,4577,4672,3851,3859,3944,3731,3345,3096,2762,2710,2625,2440,2453,2453,2435,2472,4820,5742,6288,4592,4167,3752,3301,3093,3473,3787,4315,4343,4111,3910,3811,3337,2984,2759,2387,2417,2320,2189,2638,2626,6644,7114,6896,5911,5094,4623,4253,4117,3459,3956,3519,3741,3473,3083,2980,2820,2516,2280,2498,2281,2297,2539,4390,7329,7389,7418,7050,4891,4131,4141,4336,4273,4849,4171,4284,3582,3463,3456,2777,2501,2281,2375,2392,2319,3837,5972,7088,7208,7400,6827,5306,4074,5001,5421,4627,5055,4823,4438,4624,4551,4837,4291,4068,3720,3089,2681,2537,3572,6967,7816,6327,5853,6320,5917,5258,5227,5044,4786,4809,4353,4210,3671,3331,3380,3023,2847,2521,2533,2302,3012,5591,6417,7662,7561,7104,6536,4832,4215,3704,3330,3307,3832,3711,4068,4567,4258,3762,3023,2770,2578,2372,2318,2625,2595,6381,7501,7648,5542,5795,4014,3576,3622,3186,3392,3658,3731,3691,3406,2975,3255,2708,2749,2425,2572,2298,2649,3822,6647,6868,6346,6121,6009,6261,6492,6100,5741,5271,5179,4938,4886,4303,4351,4059,4261,3839,4072,2687,2741,2508,2645,2671,7669,6833,6633,7202,7005,5961,6204,5558,5829,6348,6301,6321,6160,6128,5953,5566,5695,4751,3585,3502,3766,3474,4306,6481,6575,7368,6601,5057,4644,4296,4089,4112,4120,4046
"15",2862,2936,2944,2501,2330,2327,2709,4027,7111,6870,6481,6237,4973,4745,4074,3779,5748,6069,6083,5890,5576,5338,5562,6108,5225,3696,3274,2965,2922,2784,2674,7874,8007,8313,7797,7371,5483,6267,5328,4616,3800,4112,4499,3571,3709,4075,4545,4699,3850,3667,2641,2580,2643,2553,2669,7300,8435,8151,7879,4895,4518,4387,3858,3654,3695,3820,3820,4324,3442,5315,5074,5276,4552,3447,2910,2818,2804,2747,2747,7819,7285,6304,5176,4200,4988,4944,4433,4081,3708,3386,3601,4041,3720,4182,4683,4726,3925,3180,2590,2573,2925,3972,7546,8134,7042,6239,5774,4365,4746,4997,5014,5535,6036,5532,6102,6291,5939,5963,4872,3939,3401,3467,3133,3259,3519,6473,8197,8309,6484,5804,4744,4266,4508,3945,4107,3461,3438,3888,3224,3024,2958,2687,2591,2537,2474,2878,3719,6139,7463,7432,8368,8068,6404,5769,5588,4347,4387,3960,4012,4065,4538,4640,4338,3709,2906,2818,2671,2554,2629,3116,7479,8227,8257,7864,8069,6553,5567,5180,4758,5090,5499,5706,5124,5618,4817,4676,3812,3258,2804,2737,2579,2922,3073,7683,8390,8142,8193,6831,6154,5124,4811,3913,4312,3806,3893,3865,3637,3352,3405,2996,2904,2800,2687,3061,3088,8316,8025,7749,6976,7676,5964,5767,6806,7304,6745,5950,5844,5747,5172,5759,5840,5891,5148,4661,3890,3315,3021,2936,3115,4704,8373,8388,8164,7980,6462,5521,4781,4050,3996,3890,3851,4003,3631,3049,2924,2697,2677,2625,2394,2419,2437,2629,3990,6182,6079,4574,3942,3074,3225,3014,3163,3679,4189,4400,4120,4153,3583,3736,3312,2876,2340,2450,2460,2438,2618,2652,6884,7084,7539,6432,4919,4863,4395,3227,3404,3949,4038,3274,3199,3376,2708,2929,2552,2464,2528,2418,2385,2656,4170,7942,7478,7961,7478,5451,4980,4536,4435,4180,5174,4571,4639,4306,3300,3316,2992,2656,2385,2289,2219,2478,3267,5928,7767,8028,7984,7553,5947,4693,5535,5749,3920,5313,5157,4570,4758,5443,5356,5300,4520,4005,3237,2679,2674,4578,7693,8090,7300,6583,6614,6591,5550,5839,5130,4195,5159,4929,3868,4098,3411,3406,3245,2759,2557,2546,2405,2776,5332,6345,8146,8297,7585,7079,5190,4075,3782,3270,3040,3396,3928,4709,4559,5286,4295,3245,3089,2623,2439,2446,2573,3005,7034,7455,7576,5173,5533,3693,3387,3298,3031,3277,3886,3936,3705,3749,3520,3148,2845,2626,2444,2336,2260,2643,3557,7031,7302,7202,7149,6881,6703,6987,6916,6387,5336,5980,5504,5554,4712,5027,4886,4846,4253,3460,2930,2837,2708,2733,7198,8247,8080,7244,7704,7444,6646,6227,6550,6655,6992,6379,6469,6251,6311,5985,5733,5845,4754,3545,3484,3711,3405,4212,6268,6371,7297,6395,4973,4511,4389,3847,3910,4001,4150
"16",2521,2555,2442,2152,2078,2158,2414,2594,5823,6601,6413,5648,4541,4812,4237,3908,5230,5646,5406,5211,4560,4683,4251,4782,3724,2768,2550,2447,2607,2241,2565,6268,6895,7801,6343,6819,5467,5330,4194,3679,3388,3621,3480,3319,3094,3240,4065,3900,3280,2755,2328,2290,2340,2190,2345,6084,7923,7465,7616,5008,4067,3998,3425,3230,3321,3412,3412,3760,3145,3796,3932,4068,3559,2887,2460,2382,2341,2370,2335,7030,7444,6413,5580,4225,5107,4042,3772,3045,3027,2897,2822,3106,3055,2960,3581,3765,3116,2683,2111,2303,2170,4953,7220,7832,6360,5893,5207,3775,4014,4396,4586,4986,5116,5780,5345,5732,5207,4747,3696,3365,2859,2712,2796,2689,2636,3338,6018,6840,5999,5061,3979,3484,3188,3164,3370,2883,3033,3105,2597,2558,2373,2386,2327,2316,2400,2643,3289,5944,7373,6571,8004,7454,6022,5664,5346,3959,3801,3817,3565,3275,3805,3770,3618,3161,2559,2551,2383,2241,2417,2565,6378,7366,7765,7487,7365,5586,4416,3957,4040,4427,4672,4771,4612,5103,4122,3849,3134,2856,2377,2443,2294,2550,2643,3872,7667,7539,7626,5631,4527,3843,3473,3250,3362,3212,3338,3060,3281,3071,2900,2666,2498,2441,2342,2732,2622,7466,7642,7827,7559,7426,5082,5217,6210,6571,5899,5348,5042,4884,4422,5065,4622,5020,4034,3703,3213,3045,2737,2638,2910,5388,8318,7984,7371,6580,5482,4302,3626,3500,3108,3508,3341,3295,2890,2883,2615,2600,2536,2577,2454,2405,2405,2593,5618,7547,7591,5218,4037,3751,3312,3212,3284,3604,4103,4171,4228,4088,3657,3597,3026,2756,2361,2379,2324,2534,2698,5727,7340,7339,7082,5528,4280,3911,3828,3676,3437,3605,3471,3349,3206,3295,2753,2861,2690,2450,2604,2440,2503,2543,3311,7976,7665,7919,6385,4691,3991,3574,3364,3754,4180,3988,3788,3658,3255,3171,2713,2552,2289,2353,2345,2403,4166,6593,7747,7359,7803,7171,6086,4638,5328,5478,5006,4947,4653,4144,4158,4655,4508,4540,3805,3774,3043,2649,2558,4236,7526,8108,7129,6281,6325,6287,4757,4825,5440,4884,4858,4735,4072,3733,3011,3242,2771,2488,2607,2307,2367,2821,4759,6297,7717,7986,7277,6110,4228,3565,3350,3263,3050,3336,3569,4237,4267,4582,3758,2771,2455,2371,2495,2398,2495,3132,6031,7756,7124,5728,5029,3647,3314,3222,2959,3261,3341,3675,3332,3372,3047,2788,2930,2585,2483,2458,2326,2598,4058,6991,6513,7606,7258,6584,5992,6217,5918,5840,5402,5006,4700,4453,4080,3881,3858,4257,3764,3158,2675,2811,2534,2682,2644,8319,7854,7587,7523,6614,5782,5717,5746,6060,5911,6018,5497,5578,5174,5020,4887,4970,4059,3140,2954,3205,3010,4529,6437,6864,7398,6324,4613,3941,3848,3608,3585,3568,3579
"17",2777,2640,2671,2379,2291,2244,2535,2756,6431,6879,6621,5852,4615,5199,4224,4324,5325,5727,5437,5367,5013,4878,4489,5044,3856,3161,2833,2623,2771,2478,2644,6492,7329,7909,6808,7039,5984,5877,4526,3910,3672,3857,3734,3561,3122,3436,4482,4189,3559,3059,2526,2399,2471,2368,2565,6572,8273,7726,7660,5500,4396,4257,3435,3350,3384,3559,3559,3894,3391,4151,4248,4368,3840,3065,2596,2456,2545,2487,2573,7622,7960,7136,6076,4602,5768,4464,4338,3411,3394,3107,3063,3288,3326,3313,3852,3986,3421,2815,2369,2483,2439,5258,7562,8197,6813,6180,5514,3978,4361,4749,4860,5072,5480,5785,5568,6119,5640,4825,3914,3535,2867,2860,2834,2811,2776,3415,7090,7503,6266,5389,4362,3739,3483,3367,3605,2920,3107,3168,2810,2759,2656,2521,2494,2480,2646,2900,3652,6433,7859,7066,8253,7912,6197,6204,5634,4326,4091,4055,3893,3633,4046,3891,3797,3301,2877,2694,2423,2402,2654,2835,6906,7761,8041,7851,7850,5818,4502,4183,4199,4646,4889,4988,5090,5190,4556,4179,3357,2887,2566,2535,2444,2700,2749,5283,8070,7743,7868,6036,4749,4032,3650,3458,3630,3244,3399,3272,3383,3238,3003,2827,2675,2568,2514,2836,2775,7761,7774,7836,7841,7533,5324,5477,6248,6985,6406,5516,5193,4894,4605,5047,4792,5221,4425,4038,3358,3025,2814,2763,3007,5851,8248,8144,7617,7006,5750,4782,3891,3608,3143,3658,3525,3391,3069,2960,2746,2758,2691,2623,2496,2476,2485,2674,5693,7672,7326,5460,4034,3926,3291,3157,3295,3468,4097,4169,4419,4284,4009,3792,3077,2821,2534,2480,2384,2535,2720,6246,7527,7560,7162,5457,4449,3844,3771,3634,3155,3603,3295,2928,3438,3350,2960,2852,2752,2426,2646,2510,2543,2652,3464,7983,7832,8028,6609,4702,3932,3478,3342,3603,4144,4291,4102,3668,3371,3463,2835,2598,2363,2421,2356,2473,4399,6955,7933,7780,7936,7411,6423,4769,5450,5551,5145,4924,4728,4295,4271,4610,4516,4487,4185,4022,3079,2735,2776,4513,7744,8234,7164,6351,6722,6645,5160,5224,5817,5247,5201,4539,4581,3985,3162,3470,2928,2696,2704,2462,2455,2986,4902,6521,7800,8234,7449,6657,4348,3875,3490,3325,3196,3493,3570,4364,4745,5019,3901,2928,2705,2556,2560,2477,2641,3599,5956,7994,7484,5977,5167,3707,3372,3307,2984,3194,3570,3811,3399,3283,3241,2982,2941,2700,2557,2486,2438,2906,4385,7065,6846,7651,7383,6903,5946,6475,6357,5791,5381,5235,4990,4699,4373,4533,4086,4504,4063,3081,2850,2828,2538,2976,2578,8455,7958,7789,7707,6898,6192,6044,5871,6285,5977,6032,5497,5578,5174,5020,4887,4970,4059,3140,2954,3205,3010,4529,6437,6864,7398,6324,4613,3941,3848,3608,3585,3568,3579
"18",2789,2877,2771,2519,2478,2420,2256,3156,7395,7433,6977,6324,5074,5583,4224,4502,5425,5676,5202,5227,4788,4858,4512,4982,3742,3347,3063,2597,2612,2528,3006,7502,7863,8212,7251,7458,5913,5954,4542,4108,3731,3759,3668,3600,3382,3649,4598,4340,3649,3296,2703,2530,2489,2535,2797,7294,8617,8036,8191,6075,4628,4170,3791,3744,3557,3734,3734,3996,3569,4281,4399,4534,3680,3344,2894,2695,2727,2717,2952,8263,8339,7653,6122,4729,5524,4858,4313,3546,3517,3456,3261,3198,3294,3460,4023,3763,3573,2879,2601,2541,2672,6093,8063,8323,7368,6681,5995,4424,4718,5040,5048,5160,5271,5600,5694,5832,5726,5222,4343,3662,3046,3257,2969,3105,2960,4156,7668,8064,6362,5545,4656,4014,3685,3664,3839,3312,3194,3300,3224,2933,2919,2724,2558,2584,2906,3484,4376,7060,7944,7553,8421,8043,6145,6050,5384,4419,3972,4056,3983,3973,3846,3927,3977,3033,2980,2673,2620,2566,2936,3102,7592,8199,8324,8046,7240,5662,4564,4603,4219,4639,5206,5205,5204,5048,4394,4302,3484,2791,2665,2634,2514,2775,3072,7620,8243,8016,8098,6369,4951,4162,3837,3650,3668,3494,3397,3282,3303,3301,2970,2905,2848,2752,2684,2929,2815,8347,8120,8155,7972,7652,5216,5499,5825,6722,5977,5403,5051,4590,4701,4720,5044,5226,4519,4049,3339,2970,2934,2951,3080,6491,8331,8344,7992,7596,5509,4795,4057,3964,3158,3584,3712,3534,3138,3033,2762,2693,2647,2535,2452,2454,2398,2746,4937,7239,6831,5553,3959,3754,3164,3043,3059,3536,4062,4152,4142,3711,3615,3226,2851,2558,2443,2341,2304,2446,2348,3212,7153,7424,7163,5343,4256,3705,3589,3461,3364,3353,3208,2987,3150,2944,2848,2680,2601,2521,2486,2321,2384,2615,3531,7648,7434,7947,6758,4283,3479,3398,3242,3427,3896,3970,3801,3247,3225,2942,2576,2490,2377,2365,2189,2375,4228,6774,7837,7995,8090,7484,5757,4212,5250,5375,5068,4752,4498,4022,4215,4724,4801,4607,3819,3712,3001,2694,2601,4316,7794,8306,7098,6563,6631,6665,4754,4978,5434,4665,4558,4447,4196,3823,3145,3439,2980,2681,2494,2422,2438,2958,5692,6859,7941,8258,7530,6969,4226,3832,3567,3352,3319,3586,3738,4054,4531,4559,3810,2980,2639,2520,2377,2492,2638,3992,6354,8211,8207,7061,5600,4083,3473,3424,3358,3511,3578,3651,3518,3373,3257,2982,2778,2724,2540,2511,2539,3076,4423,7469,7272,7895,7462,6392,6036,6204,6095,5238,5233,4391,4436,4335,4065,3586,3926,4251,3966,3363,2691,2656,2514,2884,6249,8313,7989,7764,7505,7073,6312,5867,5767,6136,6123,5649,5150,5277,4770,4521,4552,4601,3963,3016,2885,2961,3044,3599,5703,5822,6572,5846,4289,3829,3577,3336,3376,3695,3441
"20",2704,3225,2844,2773,2560,2387,2927,4755,7664,7068,7033,6507,4986,4356,3880,3974,5774,6327,6615,5880,5429,5670,5824,5375,5137,4111,3335,3045,3020,2711,2720,7624,7712,8300,7889,7343,5238,6435,5003,4776,4143,4159,4216,3917,4035,3897,4440,4660,4108,3499,2674,2551,2625,2545,2895,6167,6971,8191,8076,5169,4175,4336,3914,3643,3824,3445,3445,3882,4600,5160,5068,5034,4396,3481,2984,2822,2846,2760,2770,7928,7181,6745,5499,4219,5338,5263,4142,3921,3981,3654,3916,3902,3796,4407,4492,3713,3696,3228,2638,2604,4100,5014,7509,8090,7518,6917,6354,4939,5450,5456,5426,5621,5935,5668,6231,6545,6190,5617,4602,3774,3333,3419,3333,3272,3654,6167,7595,7871,6142,5541,4777,4499,3869,3846,3944,3604,3678,3803,3680,3115,2765,2430,2573,2563,2947,2824,3513,6345,7638,7328,8295,7991,6648,5784,5452,4738,4431,3921,3873,4347,4582,4761,4639,3596,2978,2809,2666,2464,2620,3340,7743,8008,8301,7822,8071,6346,5590,5076,4760,5257,5349,5197,5586,5747,4874,4696,3772,3267,2643,2776,2560,2807,3055,7517,8319,7876,8192,6902,5772,4991,4655,4370,4046,4062,3920,3844,3729,3460,3444,2995,3038,2855,2598,3018,3212,6714,7613,7164,6806,7466,5683,5688,6950,6840,6301,5973,5703,5418,5569,5490,5774,5910,5152,4283,3916,3378,3012,2797,3005,4580,8626,8349,8069,8040,7158,5667,5095,4401,3885,4157,4165,3956,3557,3433,3077,2897,2535,2804,2582,2598,2615,2962,5868,7336,7185,5438,4704,3778,3444,3450,3594,4042,4720,4680,4920,4923,4360,3980,3700,3257,2742,2792,2718,2787,2923,3647,7651,7637,7733,6052,4779,4452,4029,3677,3393,3990,3793,3393,3319,3379,2993,3081,2880,2679,2742,2568,2534,2886,5725,8144,7214,8036,7354,6111,5092,4536,4175,4419,4906,4254,4801,4358,3984,2953,3149,2782,2634,2557,2628,2733,4582,6526,8075,8001,8136,7739,5855,4842,5516,5633,5338,5468,5189,4558,4627,5297,5233,5356,4778,4492,3670,3128,2926,5133,8215,8328,7633,7484,6847,6910,6381,5868,5555,5162,5473,5181,4859,4565,3684,3668,3256,3128,2784,2786,2679,3290,5218,7037,8369,8288,7950,7642,5933,5006,4042,4079,3663,3953,4237,4712,4958,5151,4620,3256,3217,2952,2795,2649,2546,3694,6158,8107,7840,6652,5425,4016,4012,3545,3378,3481,4089,4433,4089,4163,3840,3771,3259,3165,2864,2766,2689,3288,4589,7735,7513,6673,7564,7112,6876,7394,7380,6411,5786,6170,5909,5693,5546,5588,5637,5581,4656,3484,3270,3291,2861,3166,7625,8266,8173,7348,7732,7845,6966,6275,6476,6934,6615,6551,5461,5292,5385,5354,5236,5203,4379,3227,3291,3521,4815,5114,5842,6284,6838,5787,4578,4280,4050,3690,3887,3914,3981
"21",2811,2855,2834,2641,2401,2464,2299,3353,7097,7364,7113,6793,5633,5861,4817,4224,5497,5775,5709,5061,4712,4946,4685,5245,4125,3590,3052,2886,2528,2716,2532,6919,7289,7934,6785,6809,5827,5986,4601,4149,3588,3776,3681,3452,3414,3395,4007,3978,3267,3183,2633,2558,2500,2624,2704,6979,8354,7831,7699,5685,4336,4667,3806,3674,3743,3522,3529,3856,3407,4322,4154,4687,3851,3206,2928,2676,2671,2519,2751,7548,7364,6967,5789,4318,4445,4321,3657,3424,3920,3054,3291,3543,3286,3429,3839,3873,3375,3203,2610,2496,2622,5803,7560,7909,6741,6260,6040,4272,4839,4559,5210,4819,5717,5959,5482,5606,5313,5564,4552,4168,3409,3463,3489,3792,3982,4655,6882,8051,6926,5864,4600,4006,3596,3760,3654,3276,3367,3527,3050,2907,2720,2689,2602,2458,2891,2965,3642,6871,7484,7006,7973,7061,6201,5856,5559,3893,4083,3916,3488,3446,4304,3769,4034,3231,2876,2861,2568,2490,2742,2909,6102,8168,8298,7881,7964,6453,5246,4376,3998,4690,5184,4782,5112,5488,4908,3982,3510,3289,2858,2741,2681,2918,2985,5485,8117,7840,7959,6693,6150,4596,4288,4142,3935,3801,3667,3458,3426,3209,3335,2891,2759,2714,2667,3098,3421,7981,7870,7948,7393,7723,5027,5349,6018,6759,6243,5292,5591,5574,4620,5398,4729,5094,4192,3500,3423,3139,3010,2849,2979,6810,8120,8158,7719,7681,5771,4178,4407,4199,3473,3810,3484,3517,2885,2869,2790,2761,2593,2612,2348,2465,2478,2709,3962,6554,7330,5602,4213,3953,3485,3186,3257,3184,3706,3784,3719,3689,3420,3385,2966,2871,2380,2441,2264,2391,2734,3716,6487,7001,6940,5380,3932,3855,3641,3101,2911,3143,2994,2940,2714,2658,2624,2585,2319,2571,2530,2267,2364,2601,3260,6971,7455,7786,6838,5003,4268,3539,3463,3623,4040,4319,3762,3215,3175,3456,2764,2585,2396,2271,2326,2476,3987,6314,7646,6837,7389,7067,5609,4827,5218,5202,4331,4607,3996,3525,3653,4358,4455,4242,3860,3993,3103,2780,2768,3792,7416,8139,7076,6859,6278,6390,4386,4088,5041,4088,4346,4840,4749,3685,3214,3245,3297,2559,2613,2541,2431,2679,3733,5855,7722,8004,7362,7039,4469,3690,3386,2912,3153,3601,3678,3520,4036,3957,4284,3297,2756,2475,2597,2509,2421,2802,5471,7739,6919,5307,5216,3584,3404,3089,3043,3244,3076,3227,3263,3042,3231,3094,2940,2650,2617,2350,2427,2632,4521,6987,7367,7477,7492,6788,5844,5835,5858,5867,4624,5175,4374,4899,4422,4326,3961,4635,4025,3388,2998,2876,2604,2711,4598,8262,7827,7268,7417,6972,6190,5925,5986,6209,5627,5889,5058,5128,4645,4540,4653,4629,3853,3085,3087,3454,3316,4643,6071,5882,6857,6038,4304,3662,3410,3236,3278,3268,3201
"22",2725,3046,2798,2506,2228,2140,2546,2947,6030,6268,5814,5788,4527,4107,3741,4043,5468,5627,5384,5510,4469,4837,4516,4943,4219,3638,3074,2913,2805,2382,2397,6136,6758,7304,6849,6591,5328,5454,4670,4340,3957,3899,4088,3567,3667,3519,3699,3561,3203,3130,2482,2282,2377,2324,2482,4312,5652,7456,7322,5493,4828,4612,4093,3928,4176,3928,3928,4213,4111,4166,4068,4320,3908,3062,2729,2529,2495,2415,2523,6453,5686,5237,4536,3773,4358,4560,4082,4055,3635,3455,3209,3543,3383,3497,3694,3890,3407,2811,2452,2379,2953,4159,6087,7222,6404,5863,6171,4694,4808,4960,4717,5043,5684,5151,5466,5527,5254,5288,4462,3926,3331,3640,3387,3278,3267,5637,6890,7081,5885,5112,4822,4225,4174,3941,3993,3564,3680,3587,3288,2872,2671,2639,2396,2424,2653,2484,2973,5462,6187,6624,7481,7021,6512,5273,5775,4751,4570,4627,4535,3920,4289,3842,3686,3130,2659,2650,2443,2417,2422,3090,6325,7602,7476,7700,7474,6565,5633,5261,4709,4997,5099,4841,4331,4712,4366,4131,3601,3147,2685,2812,2563,2807,2865,5587,7760,7868,7894,7051,6238,5122,4806,4342,3859,4336,4454,3428,3619,3468,3356,2880,2606,2556,2459,2864,2835,7410,7085,6269,6106,6693,4916,5535,6525,6589,6683,6056,5867,5746,5411,5495,5148,5030,4917,4305,3909,3314,2960,2833,2955,4063,7278,7709,7403,7540,6975,5808,4899,4582,4235,4313,4318,4260,3172,3095,2688,2614,2395,2512,2433,2460,2392,2653,3608,5123,6495,5296,4284,3597,3361,3035,3448,3572,3771,3936,3762,3829,3229,3021,3055,2742,2334,2313,2217,2430,2635,2665,6404,6863,6465,6005,4887,4456,4276,3543,3445,3959,3667,3175,3244,3050,2809,2667,2464,2408,2433,2266,2355,2484,3962,7363,6570,7219,6649,5223,4759,4367,4164,4226,4608,4426,4488,3924,3277,3368,2861,2646,2412,2368,2368,2468,2747,5229,7408,7457,7960,7538,6757,5656,5837,5671,5280,5085,4911,4489,4615,4677,4778,4758,4233,4552,3684,3095,2841,4155,7123,7460,6947,6780,6931,6451,6181,5980,5098,5057,4527,4878,4570,3891,3313,3552,3222,2742,2685,2698,2497,3027,4584,5340,7363,7802,7140,6546,5658,4581,4140,3855,3637,4297,4514,4340,4087,4246,4185,3222,2880,2808,2670,2552,2512,3280,5308,6894,7364,6198,4908,4349,4072,3755,3622,3736,3921,4247,4192,4069,3618,3431,2872,2899,2607,2522,2511,2622,3396,6604,6761,6725,6766,6398,6332,6293,6168,6259,5402,5842,5431,5336,4755,4945,4596,4584,4177,3579,2867,3186,2732,2852,4722,7444,7091,5911,7149,7009,6497,5491,6211,6565,6556,5402,6016,5745,5590,5527,5313,5583,4904,3629,3624,3817,3773,4390,5818,6071,6803,6031,4854,4547,4264,3960,4085,4061,4073
"23",2746,2908,2569,2342,2190,2232,2281,3315,6444,7286,6417,6915,5174,4771,3676,4362,4973,5508,5268,4989,5375,5034,5055,5193,4464,3552,3016,2839,2742,2369,2413,6107,7142,8092,6420,6938,4768,5738,4687,4138,3588,3421,3565,3406,3189,3360,3973,3856,3492,3038,2393,2295,2304,2268,2414,6335,6801,7946,7616,6560,5406,4821,4353,4172,4240,3868,3810,3702,3658,4255,4414,4440,3896,3228,2651,2525,2651,2649,2506,7608,6949,7094,5751,4433,4569,4494,4153,3553,3302,3337,3560,3232,3263,3302,3774,3250,3373,2485,2398,2299,2143,5277,7596,7339,6185,5928,5438,4542,4962,5098,5136,5238,5340,4790,5654,5910,5890,5261,4348,3493,3155,3634,3975,3691,3754,4335,7684,7472,5965,5264,4652,4305,3792,3719,3650,3209,3344,3243,3011,2671,2769,2371,2257,2069,2470,2486,2766,5679,7676,7308,8082,6579,6688,6089,5605,4556,4137,3945,4000,3864,3681,3461,3826,2989,2531,2433,2410,2310,2178,2441,7113,7831,8264,8201,7383,6553,5228,4960,4571,4653,5091,4940,4926,5007,4260,3963,3707,2915,2571,2454,2363,2694,2735,7646,8044,8187,7905,7373,5763,4818,4370,4314,3664,3761,3560,2944,3302,3353,2894,2838,2419,2487,2366,2789,3245,7445,7743,7750,7278,7607,5315,5710,6410,7149,6148,5857,5458,5154,4782,5027,5176,5252,4712,4114,3352,2863,2798,2761,2645,6263,8326,8403,7513,7456,6406,5144,4304,4097,3537,3676,3558,3606,2658,2952,2725,2479,2522,2457,2317,2366,2376,2588,4377,6478,7535,6603,4921,4032,3415,3307,3445,3506,4234,4410,4088,3886,3540,3260,3097,2707,2362,2402,2140,2301,2507,3855,7016,7203,7147,6031,4818,4230,3839,3441,3401,3705,3308,3195,3090,2945,2806,2506,2415,2299,2252,2213,2124,2460,4048,7384,7195,8013,7652,5589,4677,4127,4091,3990,4339,4280,4298,3689,3344,3458,2736,2681,2516,2297,2518,2460,3623,6209,7834,8283,8094,7824,6984,5286,6100,6060,5470,5244,5099,4490,4787,5206,4857,5233,4456,4272,3362,2952,2703,4654,7556,7634,6600,7307,7627,7188,5126,5780,5536,4760,4721,4284,4046,3960,3296,3662,3289,2731,2705,2447,2472,4913,4742,5650,7439,7685,7142,6502,4928,4234,3654,3294,3450,3867,4500,4668,4393,4752,4191,3289,2607,2697,2585,2631,2358,2635,7107,8272,7385,6249,5409,4108,3416,3412,3263,3301,3533,3590,3438,3291,3111,2804,2726,2443,2406,2389,2381,2693,3888,7114,7056,8012,7789,7127,6830,6879,6449,5943,5963,5078,5050,4781,4421,4115,4186,4274,4288,3330,2684,2879,2742,2618,2831,8462,7802,7635,7655,7475,6636,6712,6300,5902,5995,5789,5559,5081,5160,5162,4961,5047,4464,3390,3573,4076,3488,5402,6558,7015,7659,6494,5072,4364,4000,3661,3748,3888,3722
"24",2725,2870,2942,2695,2528,2328,2870,2611,6652,6920,6605,6904,5257,4858,3751,4326,5035,5469,5453,5529,5122,5344,5169,5558,4467,3726,3393,2844,2904,2720,2732,7035,7277,7868,7290,6903,5336,5863,5143,4701,4065,4031,3685,3660,3443,3921,4064,4128,3670,3354,2811,2559,2563,2378,2661,4476,6424,7716,7789,5569,4446,4265,3703,3577,3474,3587,3587,3771,4465,4480,4512,4601,3698,3087,2718,2592,2744,2580,2709,7664,7124,6523,5599,4136,4745,5281,5353,4687,4161,3856,3723,4165,3802,4175,3767,3476,3586,3020,2653,2568,2676,4704,6710,7051,5768,5532,5506,4190,4795,4818,4826,4845,5300,5070,5583,6036,5482,4869,4202,3586,2930,3083,3426,2981,3121,6004,7220,7602,6124,4952,4650,4340,3698,3796,4000,3413,3298,3263,2935,2885,2820,2782,2660,2587,2921,3145,3644,5461,6076,6269,7478,5967,6191,5568,5665,4731,4253,3932,3706,3822,4156,3916,4228,3439,2999,2781,2712,2490,2724,3915,7582,7549,7783,7962,8258,5770,4780,4854,4331,4472,4544,4547,5017,4872,4919,4408,3611,3140,2967,2893,2707,3118,2968,7331,7980,7856,7823,7277,6419,5118,4699,4513,4211,4091,4010,3309,3585,3680,3271,3040,2845,2904,2837,3069,3230,5506,7775,7423,6461,7666,6881,5855,6423,6831,6706,6159,5755,5408,5204,5244,4846,5291,5015,4401,3813,3348,3057,2914,3121,4694,8392,8166,7472,6698,7559,5976,5038,4228,3816,4115,4021,3847,3339,3159,2996,2803,2691,2689,2619,2547,2438,2867,4563,6786,7497,6288,5255,4459,3484,3519,3499,3967,4163,4587,4451,4207,4311,3541,3210,2972,2772,2566,2458,2619,2849,3176,6843,7006,6790,6064,4852,4387,3936,3592,3563,3933,3639,3602,3438,3399,3240,2787,2725,2509,2700,2487,2571,3026,5496,7602,7219,7845,6866,4915,4478,4155,3870,3902,4195,4480,4440,4015,3761,3687,3024,2820,2737,2653,2642,2665,3355,5433,7306,7378,7285,6807,5250,4032,5109,5299,4419,4653,4545,4088,4064,4634,5040,4961,4412,4427,3515,3204,3005,4382,7236,7112,6434,7626,7160,6714,5526,5620,5631,5171,5051,4637,4566,4132,3688,3389,3500,3161,2917,2736,2633,3272,4525,6887,7989,8130,7403,7002,5071,4607,3971,3688,3705,3095,4032,4177,4800,4783,4020,3500,3024,2821,2735,2632,2898,4425,7106,8036,7975,7010,6075,4501,4010,3806,3592,3854,3931,4175,4040,4090,3863,3647,3556,3161,2822,2806,2797,3627,5246,7512,7488,7957,7547,6662,6398,7063,6737,6205,5732,5617,5596,5191,5120,5139,5202,5209,4992,3737,3430,3404,3037,3073,6583,7984,6590,6891,7395,7174,6641,6290,6711,6705,6570,6297,6094,5754,5814,5727,5638,5279,4639,3603,3630,3918,5379,6386,6585,6784,7387,6128,4856,4344,4143,3821,3983,3949,3969
"25",2315,2387,2552,2404,2221,2022,2528,4079,6664,6610,6211,6769,4901,4520,3636,4057,5154,5300,5984,5241,4958,4708,4280,4638,3554,3699,3068,2899,2817,2609,2595,6625,7092,7454,6614,6220,5036,5660,4873,4256,3763,3688,3799,3234,2970,3130,3616,3696,2972,3048,2437,2386,2422,2129,2621,4205,7821,7978,7735,4794,4022,3806,3622,3132,3391,3166,3176,3547,3876,4084,4614,3758,3160,2848,2461,2393,2444,2208,2580,6711,6447,5684,5157,3748,5129,5783,4805,4346,4261,3900,3581,4038,3164,3646,3241,3651,3153,2667,2455,2326,2328,4456,6998,7248,5908,5246,5124,3895,4107,3910,4290,4824,4273,4395,5252,5325,5569,4600,4082,3319,2792,2797,2819,2532,2663,5350,6784,7690,6140,5920,4999,4229,3687,3736,3711,3299,3367,3291,2761,2652,2716,2499,2327,2476,2443,3079,3393,4819,5860,6458,7773,6231,5903,5596,5174,4255,4040,4162,3795,3359,3285,3187,3629,2994,2775,2614,2322,2233,2545,3737,7722,7308,7366,7592,7616,6375,4834,4437,4085,4562,4337,4127,4294,4653,4421,4386,3703,2944,2865,2840,2572,3114,3249,7203,7843,8002,7834,7697,5744,5114,4850,4082,3829,3803,3560,3368,3528,3551,2763,2949,2872,2564,2639,2860,2916,5709,7871,7297,7559,7028,5855,5091,6084,6946,6245,5332,5435,5172,4932,4266,5059,5304,4723,4210,3463,3144,2949,2912,2967,4115,8494,8080,7309,6697,7318,6296,5212,4315,3970,3947,3930,4243,2924,3015,2871,2820,2703,2641,2563,2525,2403,3691,4223,6669,7626,6667,5210,4389,3572,3505,3592,3868,4362,4444,4388,4139,3871,3326,3234,2800,2654,2604,2453,2627,2898,3033,7095,7367,7273,6112,5332,4689,4518,3825,3722,4036,3509,3381,3472,3011,3082,2759,2617,2500,2560,2546,2570,3001,5815,7980,7398,8017,6757,4051,4182,4485,4252,3850,4815,4089,3795,3577,3645,3667,3161,2792,2523,2604,2450,2666,2976,4989,7495,7700,7244,6828,4879,4157,4905,4851,4799,4572,4555,3546,3568,4414,4581,4710,4281,4167,3617,3099,2967,3729,7141,7495,6408,7225,7209,6505,5364,5064,5132,4700,4598,4769,4320,4255,3414,3317,3304,3221,2580,2539,2579,3417,4721,6775,7636,8020,7555,6768,5325,4534,4040,3436,3549,3655,4015,4365,4185,4542,4014,3304,3116,2765,2809,2606,2599,4205,7477,8311,7604,6725,6322,4705,4064,3851,3653,3615,3980,4030,3999,3766,3718,3391,3201,2868,2730,2739,2638,3650,5208,7546,7255,7604,7097,6177,6393,6484,6514,6279,5524,5768,5578,5215,4935,4974,5022,5081,4382,3244,3361,3247,3048,2793,6240,7633,7189,7111,7802,7236,6589,6436,5925,6449,6154,5628,5827,5750,5612,5251,5462,5314,4628,3408,3359,3582,5031,5787,5824,6165,6605,5606,4659,4316,4001,3691,3827,3726,3642
"26",2519,2319,2478,2414,2295,2169,2794,4209,7014,6777,6494,6627,5186,4345,3464,4058,5188,5736,5808,5398,5339,4749,3969,5027,4130,3584,3047,2870,2812,2598,2516,6849,7192,8001,7062,6745,5031,5739,4807,4319,3616,3644,3794,3226,3319,3000,3700,3589,3195,2846,2539,2424,2395,2304,2680,4390,7891,8089,7747,4837,4144,3669,3605,3068,3493,3144,3161,3635,4023,3739,4947,3313,3324,2793,2605,2565,2568,2364,2600,7364,6867,6301,5908,4294,4903,6243,5776,4299,4484,4225,3745,3995,3565,4123,3656,3785,3094,2785,2542,2400,2492,4785,7165,7490,5884,5080,5607,4072,3838,4362,4215,4687,4702,4421,5134,5396,5536,4937,4091,3200,2665,2835,2736,2605,2602,6114,7328,7751,6414,6050,5051,4073,4080,3500,4107,3374,3424,3422,2993,2646,2685,2449,2492,2434,2789,3071,3492,5064,6755,6942,7519,6295,6565,5584,5175,4616,3904,4365,4128,3690,3653,3744,3332,3194,2751,2750,2532,2448,2609,4097,7979,7681,7681,8157,7377,6569,5052,4334,3892,4508,4317,4298,4269,4701,4254,4008,3776,2937,2744,2719,2552,3340,3341,7656,8028,8178,8099,7909,5504,5049,4678,4049,3836,3925,3882,3230,3639,3209,3144,2880,3039,2686,2944,3118,3323,6154,7885,7427,7438,7074,5612,5330,6347,6801,5962,6127,5685,5587,5226,5006,4517,5518,4463,4019,3705,3078,3033,2938,2812,4471,8619,8399,7747,6609,7632,6184,4979,4297,4010,4189,4212,4227,3025,3219,2863,2800,2722,2671,2611,2550,2479,3066,4555,6584,7910,6639,5036,4127,3667,3456,3533,3755,3937,4126,4285,4566,3937,3098,3383,2697,2690,2605,2416,2666,2901,3047,7012,7333,7519,5922,4992,4526,4210,3879,3596,3870,3680,3435,3168,3043,2978,2631,2548,2418,2597,2526,2534,3003,4961,8105,7485,7870,6634,3798,4485,4288,3978,3702,4163,3875,4154,3393,3920,3893,3147,2924,2682,2599,2508,2712,3020,5228,7612,7756,7253,7101,4611,4176,4860,4786,4405,4696,4564,3933,4016,4415,4819,4982,4339,3959,3570,2856,2874,3553,7317,7773,6879,7592,7226,6787,5563,5510,4876,5112,4963,4859,4299,4213,3495,3444,3210,3109,2706,2652,2547,3514,6479,7049,8072,7950,7511,6717,5413,4371,3920,3326,3434,3998,4046,4478,4097,4290,4180,3210,3222,2857,2750,2675,2463,4662,7546,8409,7938,6749,6598,4654,3957,3749,3822,3430,3902,4181,3991,3988,3582,3429,3171,2938,2711,2719,2732,4157,5176,7727,7591,7871,6952,6553,6598,6655,6364,6261,5479,5830,5494,5206,4661,5129,5187,5050,4101,3782,3286,3371,2982,3426,6725,7543,6124,7094,7779,7747,6775,6350,6535,6163,6148,6134,5868,5559,5556,5576,5426,5482,4708,3464,3285,3431,5255,6123,6225,6579,6969,5890,4787,4356,4099,3739,3856,3933,3855
"27",2668,3007,2752,2590,2371,2311,2265,3733,6350,6887,6552,6809,5563,4640,4070,4376,5206,5531,5547,5634,5230,5075,5258,5269,4843,3972,3379,3001,3066,2730,2725,5880,6346,7674,6958,6659,4987,5539,4725,4251,4172,4054,4098,3588,3257,3893,3759,3990,3538,3313,2683,2556,2519,2403,2653,4113,6851,7969,7847,5569,4782,4534,4069,3654,3915,3800,3801,4057,3954,4869,4910,4806,3721,3157,2784,2589,2723,2622,2700,7311,7472,6369,5902,4468,5744,5956,5403,5168,4691,4502,4268,4386,3986,4501,4150,3819,3441,3038,2678,2620,2687,3870,7094,6706,6097,5837,5862,4495,4828,4733,5022,5085,5559,5051,5685,6053,5511,5208,4307,3790,3403,3655,3780,3486,3263,4555,6247,6946,5715,4897,4364,4156,4012,3963,4035,3355,3435,3324,2960,2682,2734,2540,2468,2451,2915,3016,3428,4529,5962,6173,7207,6365,6329,5552,5486,4547,4638,4586,4591,3912,4311,4065,3955,3439,2980,2709,2785,2507,2729,3788,7110,7052,7367,7910,7702,6506,5415,5124,4743,5063,5082,4848,5164,5207,5020,4541,3728,3392,3016,2922,2731,3162,3389,5773,8037,8197,8075,7834,7370,5896,5357,5316,5003,4592,4749,4149,4034,3802,3479,3213,3112,2937,2807,3277,3240,6472,7766,7795,7713,7753,6160,6145,6668,7115,6942,6820,6328,5867,5781,5752,4669,5447,5178,4421,4057,3490,3244,3073,3234,4746,8080,8295,7643,6970,7367,6284,5182,4753,4133,4416,4447,4224,2960,3167,2995,2762,2665,2656,2586,2540,2545,2968,4045,6493,7882,6701,5493,4465,3750,3569,3548,3553,3900,3921,4048,4141,4240,3418,3341,2958,2619,2626,2462,2568,2850,3080,7242,7354,7256,6657,5311,4663,4425,3716,3754,4106,3949,3724,3621,3385,3222,2919,2774,2491,2661,2571,2582,2647,5340,8031,7590,7890,6894,5359,5048,4289,4163,4353,4694,4695,4676,4354,3917,4119,3308,2972,2762,2730,2713,2774,3165,5960,7924,7737,7334,7311,5530,4322,5123,5016,4506,5045,4891,4560,4227,4730,4995,5103,4828,4675,3750,3274,3100,4838,7095,7240,6591,7562,7433,7169,5846,5346,5465,5440,5168,4951,4840,4498,3519,3568,3405,3058,2789,2780,2684,3138,4035,5927,7907,8294,7634,6901,5436,4350,3769,3708,3904,3853,4141,4375,4563,4780,4595,3405,3228,2951,2792,2750,2815,3599,6120,8223,7919,7144,5943,4642,4320,3886,3902,3870,4250,4357,4264,4241,3805,3637,3299,2933,2677,2773,2724,3470,5016,6462,7566,7957,7709,7048,6728,7163,6848,6347,6064,6260,5873,5687,5414,5524,5318,5334,4935,4332,3434,3381,3165,3075,6302,7815,6541,6542,7212,7226,6809,6590,6653,6910,6614,6166,5929,5788,5717,5636,5813,5535,4816,3696,3693,3904,4882,5830,6310,6522,7142,6018,4973,4502,4251,4020,4127,4084,4064
"28",2641,2827,2602,2335,2201,2055,2296,2155,5851,6111,5871,6008,5141,4359,4143,4219,4819,5019,4992,4763,4501,4524,4148,4381,3389,3420,3023,2662,2595,2279,2500,4634,5757,6669,6620,6150,5198,5340,4490,4403,3980,4142,3888,3674,3352,3991,3606,3323,3193,3051,2382,2293,2284,2107,2340,3511,4521,6545,7054,5384,4571,4705,4022,3565,3665,4298,4298,3928,3160,3714,3806,3304,3568,2910,2390,2251,2490,2275,2841,6201,5408,5744,5452,4455,5662,4885,4755,4124,4055,3703,3846,3292,3265,3078,3363,3523,3291,2532,2353,2183,2359,4451,6303,7165,6061,6402,5688,4544,4754,5157,5054,4961,4979,4556,4825,5355,5161,4899,4274,3823,3165,3303,3854,3474,3829,4312,6452,6554,4740,4533,4582,4071,4056,3505,3800,3280,3171,3225,3003,2673,2456,2364,2263,2204,2442,2345,2533,4004,6178,6056,6823,5708,5339,5015,4849,4511,4426,4299,4083,3579,3860,3567,3856,3133,2842,2350,2225,2185,2259,3149,6845,6935,7196,7576,7474,6217,5218,5469,4789,4979,5142,4783,4661,4740,4344,4170,3520,3142,2681,2570,2465,2737,2796,5249,7104,7505,7748,7107,6391,5219,4915,4406,4298,4152,3927,3595,3879,3440,3027,2804,2844,2635,2449,2543,2566,5741,6841,7196,7406,6588,5415,5014,6058,6165,5981,5533,5384,4817,4997,4685,4122,4766,4627,4165,3502,3180,2934,2813,3025,3870,8229,7726,7449,7531,6723,5962,5483,4579,4453,4811,4366,4259,3143,3156,2784,2631,2609,2460,2456,2341,2358,3047,3681,5022,6614,6404,5361,4758,4195,4096,4264,3999,4280,4067,4060,4051,3852,3185,3088,2722,2540,2368,2438,2386,2688,2684,5937,6138,6339,5513,4958,4399,4177,3792,3564,3921,3504,3578,3435,3185,2959,2548,2414,2314,2442,2237,2220,2347,3606,6723,6664,7106,6101,5523,5229,4577,4093,4611,4109,4409,4386,4118,3432,3474,3096,2630,2440,2569,2310,2329,2400,3812,6638,6323,6719,5559,4931,3964,4950,4386,4514,4584,4328,3944,3795,3864,3674,4131,3642,3940,3305,2825,2598,3019,6267,6376,4929,5173,6350,5988,5339,5157,4936,4741,4614,4345,4323,3665,3145,3170,3110,2621,2491,2370,2295,2654,3951,4557,6533,7071,7002,6548,5218,4631,4287,3833,3882,3971,3852,4150,4290,4129,3647,3110,2812,2499,2406,2477,2402,3004,5075,7506,7654,6941,6527,5270,4856,4397,4192,4245,4778,4789,4306,3764,4004,3406,3223,2961,2342,2557,2505,2752,4056,6361,7234,6772,6836,6508,5131,6406,6411,5792,6289,5595,5307,5181,4303,4458,4350,4125,4368,3931,3435,3088,2911,2939,3635,6952,5688,6187,6513,6693,6264,5493,5742,6125,6336,5369,5704,5428,5418,5475,5523,5372,4981,4042,4026,4143,4624,5420,6358,6413,6801,6107,5329,4998,4806,4375,4598,4625,4701
"29",2409,2974,2733,2465,2389,2135,2666,2864,4683,5719,6168,5928,5166,4436,4085,4328,4786,4892,5278,4780,4639,4601,4262,4672,4036,3659,3463,2981,2949,2579,2759,4484,5087,6335,6575,5913,5168,5591,4700,4215,3590,4135,4144,3600,2778,3627,3350,3656,3275,2887,2527,2380,2371,2212,2465,3632,7064,7003,6577,5437,4694,4633,4362,4275,4029,4192,3993,3790,3555,3996,3634,3939,3697,3292,2700,2438,2513,2489,2789,5743,5956,5528,5329,4467,5581,5603,5438,4490,4588,4212,3802,3566,3594,3790,3653,3652,3312,2844,2582,2530,2547,4099,5787,6601,5480,6359,6064,4703,5207,5496,5363,4870,5000,4805,4958,5167,5134,5137,4432,4185,3479,3827,3988,3683,3648,5002,6312,7013,6798,6186,5782,5203,5003,4669,4880,4266,4224,3944,3400,3178,2927,2797,2668,2540,2762,2531,3063,4344,6560,7224,7403,6943,6927,6168,5998,5704,5158,4939,4942,4578,4606,3895,4302,3944,3349,2923,2651,2556,2731,2939,7330,7763,7103,7542,7959,7349,6280,6197,5727,5684,5858,5054,5354,5173,4905,4496,3943,3317,2979,2935,2798,3223,3216,5430,7456,8238,8143,7787,7192,6085,5752,5514,5180,5101,4783,4551,4317,4170,3445,3293,3078,2850,2766,2927,2721,4860,7282,7598,7288,7928,7468,6725,7381,7175,6979,6516,6221,5739,6127,5794,5305,5345,5226,4927,4422,3854,3341,3069,3282,3937,7767,7870,7607,7755,7766,6415,6524,5593,4977,5497,5196,5010,3631,3434,2875,2695,2622,2571,2544,2511,2507,3044,3518,4875,7160,6975,6333,5561,4616,4422,4123,4039,4005,3772,3761,4120,3861,3501,3312,3000,2759,2568,2457,2626,2905,2715,7209,7243,6785,6509,5860,4964,4660,4198,3812,4124,3259,3715,3430,3113,2944,2702,2601,2464,2422,2388,2398,2787,4480,7515,7047,7911,7272,6134,5671,5050,4963,5084,4838,4408,4276,3809,3567,3924,3509,3024,2775,2772,2535,2619,2621,4753,7229,7002,7045,6714,5322,4419,5116,4648,4311,4751,4731,4295,4048,4074,4576,4405,4487,4670,4008,3483,3161,3648,6990,7738,6329,6810,7321,6892,5618,5578,5642,5026,5491,4891,4791,3797,3574,3701,3638,2957,2763,2691,2592,2928,6212,6845,7587,7657,7598,7452,6138,5361,4768,4432,4641,4722,4916,4629,4506,4455,4251,3638,3194,2792,2865,2697,2680,3080,6359,7758,7845,7414,7356,6280,5707,5546,4631,4718,4654,4812,4599,4150,4253,3630,3278,2771,2773,2756,2702,3122,3913,6973,7494,7559,7253,7098,6461,7095,6675,6529,6001,5951,5789,5465,4875,5121,4842,4913,4700,3957,3743,3500,2748,3036,4004,7108,7122,6842,7544,7186,7161,6329,6738,6881,6818,6031,5763,5743,5488,5678,5467,5593,5335,4290,4410,4653,4632,5500,6013,6400,6981,6513,5478,5118,4929,4677,4901,4596,4695
"30",3227,3211,2810,2686,2495,2239,2533,3532,6041,5953,5696,6076,5451,4330,4040,4558,5321,5262,5432,5427,5270,4540,4784,4753,4668,3864,3231,2827,2686,2647,2693,5758,6155,7098,6740,5174,5024,6103,4975,5021,4632,4206,4438,3765,3575,3729,4288,3879,3738,2920,2720,2372,2361,2297,2608,4691,7529,6673,4947,4488,4201,4306,3441,3080,3369,3730,3622,3290,4255,4080,3398,4279,3889,3206,2782,2501,2365,2563,2765,6440,5131,5518,6130,4332,5786,4675,4845,4224,4121,3364,4075,3900,3643,3323,3259,3759,3229,2838,2531,2488,2519,5636,6922,7343,6891,6219,6255,5091,5800,5471,5466,4733,5492,5486,5813,5265,5573,5425,4742,4191,3406,3366,3471,3546,3679,5804,7543,7503,6049,5278,5089,5249,4455,4210,4618,4144,4017,3459,3678,3169,2901,2770,2650,2544,2278,2616,2783,5675,7216,6898,7932,7262,6726,6357,5729,5218,4820,4593,4559,4335,4463,4049,4103,3786,3252,2953,2733,2639,2709,4485,7553,7445,7161,7823,7916,6946,6344,5581,4701,4909,5458,4327,5004,5013,4636,4392,3729,3227,2960,2839,2761,4427,5738,7309,7683,8013,7885,7344,6673,5658,5172,4963,4922,4458,4589,3931,4109,3992,3526,3348,3056,2934,2672,3047,3067,7156,7686,7214,7467,7489,6217,6024,6193,6838,5938,5510,5598,5315,5634,5288,4629,5452,4828,4629,3659,3519,2936,3095,3160,4340,8426,8069,7118,7677,7238,5668,5811,4968,4594,4375,4238,3925,3391,3393,2928,2829,2738,2561,2501,2508,2479,3300,3272,4364,6123,5276,4458,4292,3447,3837,3905,3709,4376,3606,4528,3749,3954,3300,2966,2972,2623,2486,2513,2599,2587,3057,6447,6450,6500,6047,4569,4137,4537,4329,3667,4493,3714,4012,3652,3460,3191,2812,2661,2346,2462,2346,2429,2537,4079,6886,7060,7717,7184,6005,5802,5231,5301,4560,5175,4474,4145,4233,4116,4031,3106,2747,2753,2667,2544,2670,3776,5414,6855,7377,6878,6432,5639,4493,4552,5204,5464,5069,4197,3908,4587,5030,5398,5194,4169,4186,3472,3042,2977,3312,6647,7241,6748,6477,6813,6501,6068,6150,5956,4435,3970,5237,4631,4560,3427,3684,3698,3128,2890,2621,2471,2834,3706,3977,6991,7613,6279,5687,4989,4488,3913,3947,3857,3251,4284,3812,4734,4926,3876,3698,3165,2944,2717,2486,2769,3023,6165,7230,7053,6165,6822,5740,5078,4506,3542,4270,4198,4562,4556,3581,3894,3316,3116,2669,2575,2614,2526,3106,4609,6192,7233,7317,7016,6441,6109,6976,6780,6520,5739,5907,5560,5383,4362,4970,4221,4851,4328,3512,3171,3130,2897,2889,5102,7422,5960,6769,7718,7414,7111,5438,6157,6521,6323,5688,5569,5631,5125,5146,5283,5273,4777,3518,3669,3637,4760,5624,5077,5191,5819,5221,4639,4488,4512,4131,4366,3993,4389
"31",2751,2802,2629,2299,2242,2222,2243,2713,5026,5116,5364,5749,5304,4456,3658,4442,5193,4808,5117,4957,4826,4967,4494,4459,4174,3868,3037,2768,2636,2402,2455,4670,5269,6424,5633,5098,4537,5716,4902,4164,4618,4071,4001,3436,3532,3990,3736,3780,3589,2560,2286,2269,2246,2316,2275,3478,5957,6210,5000,3699,3782,3193,3276,3282,3479,3420,3397,3375,3457,3760,3636,3314,3629,3165,2447,2235,2333,2275,2279,5292,4965,4615,4769,3999,5298,5205,4667,4043,3632,3431,3213,3433,3055,3221,3445,3541,2869,2483,2090,2199,2018,4467,5914,6445,6249,6631,6436,5311,5289,5203,5639,5443,5328,5270,5013,5035,5188,4934,4571,4044,3509,3686,3320,3313,3576,5583,7081,7250,6488,5896,5520,4665,4782,4444,4378,3702,3470,3546,3333,2859,2888,2531,2321,2324,2217,2285,2500,4640,6653,7001,7268,6366,5950,6340,5011,4528,4286,4588,3758,3938,4262,3696,3726,3166,2861,2660,2473,2449,2439,3725,6542,7194,7353,7365,7579,7289,6543,5955,5652,5384,5489,4997,4400,4585,4603,4295,4021,3082,3106,2780,2585,4271,5109,6699,7158,7264,7754,7455,6642,5995,5958,4809,4953,4620,4539,3792,4444,4155,3348,3365,3046,2741,2622,2902,2748,6847,6789,6242,7107,7206,5777,5855,6489,6313,6139,6100,5572,5147,5122,5145,4659,4895,4746,4447,4236,3493,3114,3026,2988,3959,7358,7834,7733,7491,7043,6276,5810,5211,4700,4794,4808,4525,3533,2994,2922,2670,2506,2444,2419,2440,2346,2898,3516,4264,6026,5252,5189,4814,3554,3464,3820,3792,4271,3864,3713,3817,3445,3243,3189,2739,2623,2513,2424,2440,2437,2842,6133,6548,6878,6043,5439,4744,4296,4305,3562,4318,3478,3304,3457,3002,2925,2707,2452,2264,2207,2335,2302,2526,3798,7126,6775,7486,7219,5933,5897,5429,5133,5164,4931,4745,4942,4055,3816,3531,2986,2832,2858,2501,2312,2397,2497,5183,7226,7482,6979,7505,5772,5082,5489,5644,5035,5185,5081,4492,4399,4423,4760,4865,4665,4484,3956,3153,2976,3523,6721,7204,5981,5555,6557,6210,5378,5476,5453,5016,5100,4733,4141,3604,3545,3731,3882,3148,2814,2647,2512,2645,3358,4662,6272,6995,6542,5986,4669,4448,4055,3625,3745,3487,3771,4723,4328,4683,4705,3882,3579,3030,2804,2480,2773,2671,4589,6997,7269,5920,7235,6075,4994,4349,3899,4320,4541,4614,4154,3929,3740,3362,3027,2552,2391,2477,2333,2725,4192,5965,6955,6794,6989,6708,6334,6754,6952,6584,5735,6077,5826,5156,5187,4931,4799,4759,4748,4031,3187,3188,2982,2788,5288,7351,6939,6562,7484,6787,6800,5596,6387,6201,5900,6094,5256,5350,4895,4851,4836,4639,4327,3542,3424,3635,4601,5289,5016,4991,5558,4887,4478,4293,4080,3788,3927,3743,3716
"33",2694.967742,2841.354839,2682.903226,2456.322581,2307.774194,2263.225806,2489.709677,3114.387097,6418.064516,6664.258065,6388.387097,6228.193548,5028.935484,4807.290323,4075.096774,4205.387097,5357.774194,5622.032258,5650.064516,5388.096774,5096.677419,5009.548387,4848.129032,5090.774194,4319.580645,3516.290323,3090.096774,2766.387097,2702.451613,2524.096774,2551.064516,6389.612903,7107.290323,7670.451613,6814.322581,6720.580645,5473.612903,5815.612903,4747.322581,4320.354839,3867.290323,3918.258065,3908.935484,3602.483871,3430.258065,3696.612903,4097.967742,4040.225806,3453.645161,3143.548387,2543.483871,2379,2412.870968,2364.032258,2553,5984.258065,7381.548387,7530.16129,7401.516129,5255.580645,4398.16129,4142.387097,3746.387097,3577.645161,3646.645161,3640.580645,3627.741935,3926.419355,3654.032258,4421.290323,4429.483871,4367.387097,3895.064516,3198.516129,2749.129032,2558.290323,2570.870968,2515.354839,2655,7226.064516,7008.806452,6424,5516.483871,4550.548387,5369.096774,4898.903226,4419.967742,3817.870968,3780.129032,3586.064516,3560.032258,3649.290323,3482.322581,3689.064516,3871.516129,3752.903226,3319.354839,2838.483871,2466.903226,2388.451613,2524.290323,4757.935484,7126.032258,7640.225806,6552.903226,6300.967742,5543.225806,4338.16129,4719.322581,4942.935484,5046.193548,5104.129032,5388.548387,5187.612903,5508.419355,5787.741935,5524.580645,5155.677419,4318.612903,3686.290323,3095.225806,3213.258065,3065.516129,3077.387097,3104.322581,5265.870968,7356,7609.064516,6204.935484,5521.870968,4772.967742,4255.16129,3996.483871,3810.83871,3903.322581,3446.645161,3514.516129,3476,3143.451613,2875.064516,2746.064516,2567.83871,2481.451613,2428.129032,2660.741935,2764.451613,3454.129032,5843.677419,7103.580645,7003.580645,7761.096774,7221.064516,6277.419355,5804.032258,5579.387097,4608.451613,4337.451613,4272.16129,4165.870968,3984.193548,4154.354839,4050.709677,4018.451613,3276.258065,2842.580645,2661.516129,2527.225806,2425.967742,2559.322581,3013.83871,7047.806452,7694.645161,7823.322581,7733.290323,7595.483871,6199.451613,5124.193548,4803.419355,4407.322581,4868.483871,5095.935484,4875.419355,4968.935484,5087.387097,4605.129032,4242.032258,3617.483871,3075.354839,2703.516129,2684.387097,2525.806452,2890.548387,3118.612903,6400.612903,7900.774194,7434.870968,7809.032258,6679.193548,5675.903226,4792.419355,4450.935484,4151.483871,3997.193548,3858.193548,3790.548387,3447.129032,3525.709677,3402.967742,3116.580645,2902.354839,2789.516129,2661.451613,2559.516129,2847.064516,2919.677419,7229.225806,7570.096774,7562.709677,7345.16129,7459.967742,5432.806452,5505.612903,6287.645161,6710.516129,6255.516129,5822.193548,5495.322581,5226.451613,5107.870968,5216.935484,5020.903226,5279.516129,4601.064516,4120.677419,3560.354839,3124.967742,2890.806452,2809.258065,2949.16129,5015.419355,8000.322581,8100.645161,7612.548387,7255.935484,6273.83871,5124.612903,4524.935484,4147.451613,3722.709677,3966.774194,3883.967742,3778.709677,3158.258065,3065.903226,2803.322581,2693.967742,2611.290323,2553.870968,2467.967742,2441.580645,2414.129032,2751.064516,4536.064516,6334.935484,6767.16129,5542.677419,4486.645161,3899.774194,3381.580645,3267.225806,3420.516129,3710.096774,4122.129032,4149.129032,4245.193548,4121.806452,3863.806452,3514.709677,3161.290323,2814.580645,2511.354839,2438.451613,2380.16129,2487.032258,2706.290323,4172.709677,6954.258065,7074.806452,6980.451613,5849.322581,4780.064516,4252.83871,4009.096774,3674.83871,3395.677419,3805.354839,3496.516129,3356.225806,3307.548387,3145.064516,2933.548387,2762.322581,2553.580645,2405.806452,2474.129032,2365.935484,2375.548387,2572.225806,3987.419355,7572.580645,7251.580645,7719.16129,6708.709677,5013.774194,4458.16129,4014.451613,3950.225806,4023.967742,4460.419355,4206.193548,4208.193548,3830.16129,3565.870968,3489.903226,2893.612903,2653.258065,2476.16129,2453.451613,2403.580645,2485.580645,3738.645161,6052.580645,7426.129032,7235.129032,7479.225806,7159.322581,5879.967742,4691.290323,5368.225806,5455.967742,4862.16129,5102.032258,4814.741935,4291.258065,4408.870968,4784.967742,4813.451613,4785.709677,4203.225806,3960.322581,3263.870968,2836.903226,2732.806452,4156.870968,7134.612903,7722.322581,6661.709677,6531.129032,6801.387097,6542.129032,5381.129032,5360.193548,5462.83871,4885,4967.580645,4790.193548,4415.193548,3977.967742,3298.645161,3490.032258,3162,2765.322581,2590.548387,2511.741935,2423.677419,2935.322581,4718.225806,6031.806452,7566.903226,7862.677419,7303.709677,6680.903226,4986.580645,4211.774194,3749.129032,3437.83871,3474.032258,3690.903226,4102.967742,4440.483871,4563.741935,4644.677419,4118.032258,3162,2882.935484,2622.935484,2514.709677,2446.322581,2568.83871,3350.516129,6278.290323,7651.677419,7575.032258,6160.322581,5672.225806,4261.612903,3793.032258,3588.096774,3354.870968,3508.290323,3827.16129,3963.225806,3787.451613,3626.806452,3462.193548,3161.967742,2945.774194,2731.83871,2502.419355,2518.580645,2430.741935,2913.193548,4108,6829.806452,6863.741935,7211.548387,7056.548387,6507.322581,6226.387097,6694.612903,6523.83871,6078.354839,5698.677419,5558.83871,5321.451613,5159.16129,4702.451613,4713.548387,4607.193548,4638.193548,4201.290323,3454.935484,3036.612903,2910,2723.354839,2844.709677,5290.741935,7820.580645,7407.903226,7206.83871,7540.870968,7139.354839,6510.096774,6110.322581,6196,6300.483871,6291.645161,6060.967742,5829.83871,5693.741935,5559.741935,5402.548387,5263.064516,5289.967742,4502.354839,3459.967742,3354.16129,3519.419355,3683.354839,4607.709677,5988.967742,6178.935484,6905.903226,6193.096774,4831.774194,4345.096774,4135.290323,3815.225806,3945.580645,3916.806452,3945.483871
