,X18.feb.,X5.mar.,X21.mar.,X6.abr.,X22.abr.,X8.may.,X24.may.,X9.jun.,X25.jun.,X11.jul.,X27.jul.,X12.ago.,X28.ago.,X13.sep.,X29.sep.,X15.oct.,X31.oct.,X16.nov.,X2.dic.,X18.dic.,X1.ene.,X16.ene.,X2.feb.,X18.feb..1,X6.mar.,X22.mar.,X7.abr.,X23.abr.,X9.may.,X25.may.,X10.jun.,X26.jun.,X12.jul.,X28.jul.,X13.ago.,X29.ago.,X14.sep.,X30.sep.,X16.oct.,X1.nov.,X17.nov.,X3.dic.,X19.dic.,X1.ene..1,X16.ene..1,X2.feb..1,X18.feb..2,X6.mar..1,X22.mar..1,X7.abr..1,X23.abr..1,X9.may..1,X25.may..1,X10.jun..1,X26.jun..1,X12.jul..1,X28.jul..1,X13.ago..1,X29.ago..1,X14.sep..1,X30.sep..1,X16.oct..1,X1.nov..1,X17.nov..1,X3.dic..1,X19.dic..1,X1.ene..2,X16.ene..2,X2.feb..2,X18.feb..3,X6.mar..2,X22.mar..2,X7.abr..2,X23.abr..2,X9.may..2,X25.may..2,X10.jun..2,X26.jun..2,X12.jul..2,X28.jul..2,X13.ago..2,X29.ago..2,X14.sep..2,X30.sep..2,X16.oct..2,X1.nov..2,X17.nov..2,X3.dic..2,X19.dic..2,X1.ene..3,X17.ene.,X2.feb..3,X18.feb..4,X5.mar..1,X21.mar..1,X6.abr..1,X22.abr..1,X8.may..1,X24.may..1,X9.jun..1,X25.jun..1,X11.jul..1,X27.jul..1,X12.ago..1,X28.ago..1,X13.sep..1,X29.sep..1,X15.oct..1,X31.oct..1,X16.nov..1,X2.dic..1,X18.dic..1,X1.ene..4,X16.ene..3,X2.feb..4,X18.feb..5,X6.mar..3,X22.mar..3,X7.abr..3,X23.abr..3,X9.may..3,X25.may..3,X10.jun..3,X26.jun..3,X12.jul..3,X28.jul..3,X13.ago..3,X29.ago..3,X14.sep..3,X30.sep..3,X16.oct..3,X1.nov..3,X17.nov..3,X3.dic..3,X19.dic..3,X1.ene..5,X16.ene..4,X2.feb..5,X18.feb..6,X6.mar..4,X22.mar..4,X7.abr..4,X23.abr..4,X9.may..4,X25.may..4,X10.jun..4,X26.jun..4,X12.jul..4,X28.jul..4,X13.ago..4,X29.ago..4,X14.sep..4,X30.sep..4,X16.oct..4,X1.nov..4,X17.nov..4,X3.dic..4,X19.dic..4,X1.ene..6,X16.ene..5,X2.feb..6,X18.feb..7,X6.mar..5,X22.mar..5,X7.abr..5,X23.abr..5,X9.may..5,X25.may..5,X10.jun..5,X26.jun..5,X12.jul..5,X28.jul..5,X13.ago..5,X29.ago..5,X14.sep..5,X30.sep..5,X16.oct..5,X1.nov..5,X17.nov..5,X3.dic..5,X19.dic..5,X1.ene..7,X17.ene..1,X2.feb..7,X18.feb..8,X5.mar..2,X21.mar..2,X6.abr..2,X22.abr..2,X8.may..2,X24.may..2,X9.jun..2,X25.jun..2,X11.jul..2,X27.jul..2,X12.ago..2,X28.ago..2,X13.sep..2,X29.sep..2,X15.oct..2,X31.oct..2,X16.nov..2,X2.dic..2,X18.dic..2,X1.ene..8,X16.ene..6,X2.feb..8,X18.feb..9,X6.mar..6,X22.mar..6,X7.abr..6,X23.abr..6,X9.may..6,X25.may..6,X10.jun..6,X26.jun..6,X12.jul..6,X28.jul..6,X13.ago..6,X29.ago..6,X14.sep..6,X30.sep..6,X16.oct..6,X1.nov..6,X17.nov..6,X3.dic..6,X19.dic..6,X1.ene..9,X16.ene..7,X2.feb..9,X18.feb..10,X6.mar..7,X22.mar..7,X7.abr..7,X23.abr..7,X9.may..7,X25.may..7,X10.jun..7,X26.jun..7,X12.jul..7,X28.jul..7,X13.ago..7,X29.ago..7,X14.sep..7,X30.sep..7,X16.oct..7,X1.nov..7,X17.nov..7,X3.dic..7,X19.dic..7,X1.ene..10,X16.ene..8,X2.feb..10,X18.feb..11,X6.mar..8,X22.mar..8,X7.abr..8,X23.abr..8,X9.may..8,X25.may..8,X10.jun..8,X26.jun..8,X12.jul..8,X28.jul..8,X13.ago..8,X29.ago..8,X14.sep..8,X30.sep..8,X16.oct..8,X1.nov..8,X17.nov..8,X3.dic..8,X19.dic..8,X1.ene..11,X17.ene..2,X2.feb..11,X18.feb..12,X5.mar..3,X21.mar..3,X6.abr..3,X22.abr..3,X8.may..3,X24.may..3,X9.jun..3,X25.jun..3,X11.jul..3,X27.jul..3,X12.ago..3,X28.ago..3,X13.sep..3,X29.sep..3,X15.oct..3,X31.oct..3,X16.nov..3,X2.dic..3,X18.dic..3,X1.ene..12,X16.ene..9,X2.feb..12,X18.feb..13,X6.mar..9,X22.mar..9,X7.abr..9,X23.abr..9,X9.may..9,X25.may..9,X10.jun..9,X26.jun..9,X12.jul..9,X28.jul..9,X13.ago..9,X29.ago..9,X14.sep..9,X30.sep..9,X16.oct..9,X1.nov..9,X17.nov..9,X3.dic..9,X19.dic..9,X1.ene..13,X16.ene..10,X2.feb..13,X18.feb..14,X6.mar..10,X22.mar..10,X7.abr..10,X23.abr..10,X9.may..10,X25.may..10,X10.jun..10,X26.jun..10,X12.jul..10,X28.jul..10,X13.ago..10,X29.ago..10,X14.sep..10,X30.sep..10,X16.oct..10,X1.nov..10,X17.nov..10,X3.dic..10,X19.dic..10,X1.ene..14,X16.ene..11,X2.feb..14,X18.feb..15,X6.mar..11,X22.mar..11,X7.abr..11,X23.abr..11,X9.may..11,X25.may..11,X10.jun..11,X26.jun..11,X12.jul..11,X28.jul..11,X13.ago..11,X29.ago..11,X14.sep..11,X30.sep..11,X16.oct..11,X1.nov..11,X17.nov..11,X3.dic..11,X19.dic..11,X1.ene..15,X17.ene..3,X2.feb..15,X18.feb..16,X5.mar..4,X21.mar..4,X6.abr..4,X22.abr..4,X8.may..4,X24.may..4,X9.jun..4,X25.jun..4,X11.jul..4,X27.jul..4,X12.ago..4,X28.ago..4,X13.sep..4,X29.sep..4,X15.oct..4,X31.oct..4,X16.nov..4,X2.dic..4,X18.dic..4,X1.ene..16,X16.ene..12,X2.feb..16,X18.feb..17,X6.mar..12,X22.mar..12,X7.abr..12,X23.abr..12,X9.may..12,X25.may..12,X10.jun..12,X26.jun..12,X12.jul..12,X28.jul..12,X13.ago..12,X29.ago..12,X14.sep..12,X30.sep..12,X16.oct..12,X1.nov..12,X17.nov..12,X3.dic..12,X19.dic..12,X1.ene..17,X16.ene..13,X2.feb..17,X18.feb..18,X6.mar..13,X22.mar..13,X7.abr..13,X23.abr..13,X9.may..13,X25.may..13,X10.jun..13,X26.jun..13,X12.jul..13,X28.jul..13,X13.ago..13,X29.ago..13,X14.sep..13,X30.sep..13,X16.oct..13,X1.nov..13,X17.nov..13,X3.dic..13,X19.dic..13,X1.ene..18,X16.ene..14,X2.feb..18,X18.feb..19,X6.mar..14,X22.mar..14,X7.abr..14,X23.abr..14,X9.may..14,X25.may..14,X10.jun..14,X26.jun..14,X12.jul..14,X28.jul..14,X13.ago..14,X29.ago..14,X14.sep..14,X30.sep..14,X16.oct..14,X1.nov..14,X17.nov..14,X3.dic..14,X19.dic..14,X1.ene..19,X17.ene..4,X2.feb..19,X18.feb..20,X5.mar..5,X21.mar..5,X6.abr..5,X22.abr..5,X8.may..5,X24.may..5,X9.jun..5,X25.jun..5,X11.jul..5,X27.jul..5,X12.ago..5,X28.ago..5,X13.sep..5,X29.sep..5,X15.oct..5,X31.oct..5,X16.nov..5,X2.dic..5,X18.dic..5,X01.ene.
1,1426,1420,1532,1405,1673,1635,1659,1750,3722,3006,3174,3326,2873,2173,2232,2130,2178,2176,2218,1483,1702,1808,1898,1744,1721,1727,1555,2035,1743,1571,1913,3015,3372,4463,3875,2978,2360,2637,2444,2046,1988,1910,1647,1596,1459,1402,1469,1624,2108,1731,1436,1454,1659,1468,1617,2700,4574,4434,3362,2773,2779,2323,2068,1935,1883,2117,1922,1694,1700,1846,1970,1918,1840,1879,1739,1585,1364,1715,1654,3148,3179,3508,2537,2082,2187,2250,2075,1704,1619,1675,1323,1318,1409,1581,1936,1678,2115,1591,1532,1631,1678,2668,3942,3702,3405,2896,2643,2299,2214,1869,1886,1787,1653,1897,2070,2183,2422,2437,2272,2225,2005,1976,2023,1979,1853,2626,3874,3742,2897,2586,2711,2212,2028,2169,1897,1719,1482,1562,1674,1505,1358,1734,1782,1777,1672,1799,1698,2362,3535,3277,4185,2449,2655,2686,2091,1931,1685,1579,1624,1560,1325,1726,1802,1680,1813,1490,1884,1855,1593,2025,3692,3886,4018,3648,3435,2940,2571,2406,2001,1746,1737,1766,1669,1490,1581,1435,1805,1528,1785,2056,1476,1701,2354,4335,4510,4154,3918,3586,3302,2702,2460,2188,1447,1501,1636,1516,1703,1589,1384,1480,1585,1526,1486,1749,1578,1824,3102,3056,4618,4265,3685,3333,3104,3003,2575,2383,2267,1889,1753,1542,1590,2046,2243,2401,2424,1815,1821,2114,1595,2629,4354,4199,4011,3249,2635,2385,2206,2098,1776,1763,1775,1644,1481,1338,1386,1516,1411,1504,1617,1869,1469,1545,2293,2818,3057,2479,1878,2014,1655,1510,1625,1456,1508,1569,1711,1549,1535,1415,1524,1594,1654,1333,1576,1672,1470,2283,3219,2933,3328,2410,2153,1999,1957,1383,1708,1634,1380,1449,1400,1477,1238,1222,1345,1357,1723,1446,1300,1515,2118,4409,4517,4762,4234,3414,2745,2873,2200,2076,1781,1990,1838,1599,1781,1646,1704,1690,1970,1785,1440,1748,1793,3198,4279,5203,4137,3575,2850,2063,2418,1952,2209,1791,1792,1645,1581,1601,1998,2434,2257,2448,2086,1681,1568,2305,4497,4496,4020,3648,3445,2854,2536,2575,2372,2181,2365,1658,1578,1713,1666,1693,1920,2167,1973,1922,1641,1868,1378,2262,4256,4031,4977,3771,2648,2898,2510,2328,2145,1481,1617,1717,1948,2117,1856,1920,1626,1537,1332,1600,1659,1945,3459,3330,3564,3350,2598,2091,1897,1946,1700,1636,1431,1568,1798,1637,1910,1150,1570,1606,1611,2012,1888,2058,2692,4162,3939,3264,2998,3005,3384,3337,2600,2461,2270,1759,1835,1514,1886,1446,1674,1703,2017,1869,2080,1600,2060,1572,2444,2330,3250,3174,3470,2837,2636,1583,2415,1902,1745,1923,1807,1509,1855,2345,2672,2555,2569,2025,2512,1878,2752,2341,4054,3588,3598,3404,2996,2210,2493,2275,1868,1943,1797
3,1436,1535,1531,1513,1440,1540,1429,2069,4625,4282,3569,3742,3306,2648,2489,2014,2350,2003,1851,2083,1950,1988,1948,2074,2244,1894,1770,1813,1613,1532,1580,3857,4327,4741,3933,3654,3340,3201,2405,2159,1966,1743,1269,1615,1347,1594,1955,1938,1896,1613,1589,1411,1540,1554,1437,3552,5201,4529,4068,3106,2424,2059,1753,1795,1600,1655,1666,1664,1855,2022,2156,2253,2118,1959,1755,1513,1433,1504,1859,3978,3731,3891,3132,2329,2413,2154,1977,1518,1443,1329,1386,1476,1584,1716,1883,1850,1907,1831,1629,1473,1453,3423,4369,4654,3895,2956,2972,2382,2221,2048,1996,2120,1719,1989,2045,2461,2529,2437,2255,2066,2073,1920,1977,1867,1838,2617,4657,3859,3024,2605,2568,2153,1992,1986,1657,1550,1545,1610,1716,1502,1636,1573,1511,1472,1507,1523,1925,3419,4534,4051,4454,3070,3222,2700,2329,1701,1653,1597,1526,1725,1492,1992,1947,1718,1747,1676,1530,1471,1588,2268,5053,4885,4720,4355,4013,3289,2537,2405,2138,1729,1907,1693,1827,1828,1852,1912,1798,1772,1563,1473,1446,2113,2571,5168,4786,4475,4196,3706,3199,2322,2304,1969,1308,1807,1535,1672,1760,1735,1467,1444,1756,1434,1590,1636,1581,2174,4696,4320,5005,4785,3973,3332,2990,3011,2586,1996,1973,1743,1829,1890,1960,2354,2123,2226,2038,1937,1910,1693,1666,2619,5182,4867,4873,3906,2900,2461,2054,1969,1653,1596,1579,1688,1479,1447,1430,1453,1412,1544,1571,1354,1587,1948,3173,3067,3755,2734,2507,2198,1827,1724,1475,1427,1506,1459,1820,1723,1786,1580,1596,1534,1401,1369,1380,1511,1585,2734,3527,3387,3414,2682,2098,1901,1802,1791,1576,1218,1513,1673,1527,1599,1551,1422,1374,1413,1395,1497,1391,1773,2826,4328,4322,4596,3960,3296,2690,2642,2235,1869,1807,1846,1865,1773,1803,1834,1632,1808,1644,1503,1499,1566,1765,3530,4375,4647,4532,4095,2940,2238,2534,2067,2154,1827,2050,1718,1786,2142,2260,2438,2037,2283,2002,1869,1613,2262,5589,5646,4776,4198,3956,3096,2356,2476,2199,2026,1872,1789,1903,1720,1648,1635,2147,1686,1578,1391,1460,1562,3145,3250,4526,4834,4557,3786,2918,2604,2257,2015,1877,1621,1697,1693,1914,2215,2253,2147,1731,1469,1488,1671,1467,1642,4406,3965,3596,3292,2321,1953,1713,1701,1496,1284,1616,1559,1482,1671,1404,1286,1603,1439,1428,1320,1584,2401,3341,4670,4369,3613,3494,3477,3570,3404,3019,2382,2168,1900,1670,1784,2063,1895,2161,2177,1806,1732,1691,1671,1710,1375,2363,2993,4018,3328,3651,3494,2647,1312,1891,1860,1886,1914,1896,1653,2245,2334,2432,2557,2204,2151,1866,1797,2520,2841,4107,4264,3880,3049,2526,2387,1972,1936,1749,1734,1953
4,1397,1585,1494,1487,1453,1473,1493,2185,4568,4018,4007,4064,3192,2902,2250,1884,2086,2101,2193,1730,1658,1622,2068,1958,2015,1832,1803,1749,1556,1542,1578,3697,4713,5138,4323,3296,3140,3063,2281,1889,1834,1426,1528,1346,1363,1293,1819,1983,2065,1536,1543,1479,1599,1449,1507,3498,5502,4523,4120,3038,2571,1977,1911,1605,1578,1770,1456,1711,1677,2013,2207,2280,2259,1986,1722,1555,1473,1563,1918,4169,4146,3922,3155,2296,2505,1967,1660,1370,1365,1369,1189,1245,1552,1753,2049,1882,2113,1749,1584,1548,1459,3395,4801,4919,3986,3043,2988,2481,2097,1648,1485,1904,1612,1822,2307,2413,2634,2502,2439,2037,1959,1998,1983,1950,1933,2752,4063,4155,2939,2564,2537,2319,1764,1655,1624,1710,1670,1655,1806,1513,1683,1615,1565,1531,1539,1551,2010,3821,4673,4590,4768,3046,3252,2886,2309,1718,1707,1547,1591,1531,1617,2007,1922,1938,1661,1648,1549,1537,1643,2413,4973,5433,5398,4592,4289,3325,2612,2312,1960,2057,1601,1995,1996,1793,2009,2104,1935,1690,1602,1591,1557,2222,2595,5252,5110,4262,4342,3902,3085,2481,1837,1855,1264,1533,1552,1486,1560,1559,1504,1424,1723,1513,1548,1707,1845,3119,4476,4408,5672,4921,4130,3334,3359,2824,2672,2384,1701,1800,1904,2040,1839,2351,2338,2457,2063,1911,1788,1808,1726,2580,5528,4809,4816,3946,2908,2382,1919,1730,1725,1570,1772,1591,1460,1471,1239,1319,1358,1464,1533,1462,1518,1916,2935,3528,4035,2808,2499,2146,1686,1552,1342,1589,1569,1438,1534,1732,1656,1482,1592,1483,1521,1388,1415,1535,1665,3068,4073,3866,3536,2684,2172,1744,1604,1453,1286,1129,1398,1326,1379,1421,1435,1454,1402,1384,1447,1461,1403,1713,2535,4666,5045,4524,3989,3208,2824,2227,1790,1980,1786,1767,1541,1665,1943,1637,1565,1811,1485,1585,1544,1612,1856,4119,4689,5210,4751,4362,2994,2496,2242,1738,1975,1906,1827,1850,1818,2068,2326,2735,2430,2384,1999,1957,1698,2428,5836,5467,4848,4236,4045,3390,2502,2379,1976,1743,1794,1831,1686,1797,1516,1697,1934,1798,1575,1405,1527,1608,2746,3936,5010,5211,5088,4337,3061,2667,2050,1751,1485,1752,1631,1847,1953,2025,2149,1934,1725,1475,1432,1618,1490,1809,4266,4261,3816,3449,2245,2095,1858,1491,1417,1441,1373,1337,1380,1542,1439,1273,1579,1495,1402,1355,1561,2877,3509,4944,4163,3916,3513,3543,3758,3152,2888,2527,2029,1966,1699,1620,2119,1810,2114,1929,2079,1757,1692,1716,1666,1424,1511,2779,4109,3546,3766,3273,2452,1451,1899,1918,1649,1728,2100,1981,2314,2627,2903,2679,2279,1980,1952,1828,2667,2817,4819,4017,4660,3278,2604,2468,2016,2184,1889,1980,1842
5,1428,1704,1480,1605,1392,1520,1442,2390,4566,4144,3898,4136,3273,2719,2504,2132,2502,2214,2207,2165,1981,1935,1985,1966,2019,1598,1735,1664,1423,1533,1510,3745,4647,5165,4264,3218,3140,3049,2427,2129,2135,1935,1652,1680,1584,1612,1876,1958,1879,1507,1641,1391,1511,1457,1504,3507,5172,4483,3708,2903,2533,2329,2115,2003,1886,2223,1907,1750,1996,2198,2103,2301,2156,1858,1611,1436,1490,1515,1943,4266,4168,3886,3186,2290,2697,2330,2156,1910,1727,1647,1479,1473,1619,1651,1771,1700,1972,1761,1489,1433,1551,3255,4637,4807,3951,3071,3026,2423,2457,2226,2021,2330,2191,2084,2336,2551,2724,2592,2265,2084,1893,1789,1845,1838,1835,2801,4189,4471,3066,2740,2621,2368,2021,1925,1953,1903,1657,1773,1760,1491,1624,1603,1587,1561,1543,1441,2150,3744,4601,4455,4908,2969,3170,3096,2508,2074,1750,1944,1804,1796,1674,2084,1951,1882,1740,1707,1464,1470,1585,2367,5080,5185,5464,4561,4447,3540,2843,2595,2358,2062,2339,2082,2042,2156,2075,1931,1682,1710,1647,1601,1595,2239,2580,5171,4940,4334,4357,4001,3588,2632,2300,2207,2081,1911,1906,1856,1780,1771,1481,1593,1620,1624,1563,1631,1822,3243,4503,4573,5753,4988,4097,3272,3319,3297,2863,2526,2236,2235,1785,2018,1927,2236,2194,2200,1917,1925,1664,1653,1641,2648,5347,4926,4850,4079,2927,2544,2294,2013,1772,1491,1784,1798,1533,1502,1333,1455,1301,1526,1514,1437,1591,2014,3023,3504,3903,2743,2456,2227,1840,1851,1717,1558,1844,1842,1907,1849,1752,1512,1515,1466,1457,1360,1454,1489,1658,3204,4227,3814,3632,2789,2158,1816,1952,1751,1665,1742,1648,1423,1483,1452,1524,1384,1419,1456,1511,1445,1429,1722,2547,4639,5091,4684,4321,3492,3000,2642,2353,2264,2270,1782,1943,1836,1957,1628,1587,1577,1502,1538,1598,1514,1822,3859,4781,5354,4473,4408,3261,2486,2729,2311,2549,2233,2233,1854,1892,2011,2214,2458,2316,2375,1909,1783,1804,2317,5785,5156,4749,4417,3949,3188,2507,2492,2461,2226,1950,1846,1939,1665,1560,1624,1833,1618,1568,1465,1482,1527,2508,3706,4659,4998,5030,4354,2970,2746,2278,2132,1949,1739,1874,1930,2045,2193,2037,1833,1693,1496,1567,1549,1473,1996,4200,4337,3939,3432,2399,2041,2020,1944,1831,1689,1746,1717,1726,1862,1594,1393,1547,1498,1620,1387,1587,3015,3393,4857,4128,3958,3541,3754,3823,3717,3415,2835,2364,2254,2118,1932,2127,1955,2029,2089,1941,1841,1848,1649,1659,1465,1662,2836,4141,3782,3689,3191,2940,1626,2297,2205,1880,2118,2337,1468,2436,2294,2903,2240,2224,2144,1936,1677,2775,2330,4770,4069,4257,3190,2701,2234,2125,2237,1784,1808,1808
6,1437,1638,1734,1471,1609,1646,1628,2211,4860,4363,3921,4125,3395,2909,2383,2057,2396,2442,2118,1869,1964,1878,2067,2100,2091,1837,1728,1819,1626,1599,1636,4073,4757,5178,4323,3184,2873,2984,2440,2073,1983,1902,1940,1634,1604,1563,1946,2150,1807,1742,1626,1636,1695,1612,1534,3508,5335,4758,4116,3104,2664,2181,2087,1784,1840,1619,1604,1938,1947,2103,2339,2312,2212,2007,1713,1679,1472,1692,1891,4472,4320,3723,3115,2549,2482,2443,2078,1722,1830,1601,1430,1407,1605,1698,1904,1848,2044,1884,1728,1622,1494,3295,4665,4619,3983,3051,3253,2532,2331,2154,1808,2185,1971,1840,2165,2510,2685,2579,2347,2142,1830,1975,2013,2012,2078,2826,4409,4314,2910,2778,2629,2386,1941,1944,1639,1938,1786,1908,1996,1705,1590,1579,1557,1493,1547,1644,1886,3549,4701,4462,4922,2959,3215,3158,2303,2124,2125,1698,1860,1734,1790,2194,1914,1807,1737,1645,1611,1605,1626,2105,5253,5194,4873,4596,4425,3608,3033,2451,2210,2251,2019,2215,2165,2023,2252,2027,1905,1607,1572,1546,1595,2398,2764,5478,5169,4569,4081,4093,3475,2658,2267,1962,1960,1680,1633,1664,1636,1660,1565,1591,1779,1577,1683,1845,1993,2799,4694,4505,4462,4988,4166,3326,3252,3003,2913,2543,2174,2195,1942,2099,2299,2352,2250,2208,1884,1839,1751,1839,1829,2497,5583,5055,4914,4085,3162,2513,2263,1829,2126,1697,1881,1891,1730,1530,1308,1453,1501,1616,1518,1456,1612,2027,3776,3400,3977,2589,2567,2190,1944,1528,1676,1740,1772,1841,1769,1780,1766,1395,1741,1630,1516,1485,1393,1579,1835,3047,4335,4020,4023,2803,2285,2081,1830,1767,1713,1611,1440,1305,1618,1431,1394,1479,1473,1462,1535,1588,1416,1571,2719,4376,4897,4544,4584,3404,3163,2642,2195,2186,1950,2145,1876,1772,2047,1892,1732,1730,1613,1532,1647,1697,1829,3669,4651,5304,4995,4584,3255,2884,2664,2172,2483,2236,2210,2042,1967,1979,2506,2574,2383,2403,2135,1915,1772,2324,5556,5753,4911,4289,4056,3378,2367,2501,2210,1907,2122,1979,1778,1741,1609,1749,1927,1774,1561,1477,1566,1625,2294,3325,4609,5145,5270,4255,3238,2768,2412,1949,1792,1756,1784,1926,2017,2076,2075,1927,1829,1539,1642,1747,1543,1819,4326,4517,3672,3417,2701,2340,2224,1856,1894,1635,1385,2140,1697,1780,1597,1404,1568,1585,1564,1500,1708,2899,3572,4843,5014,4078,3816,3719,3924,3570,3180,2736,2547,2140,2014,2089,2053,1749,2201,1993,1885,1629,1739,1571,1520,1513,1727,2789,4161,3525,3674,3269,3071,1622,2287,1863,1876,1970,1988,1848,2208,2596,2901,2690,2447,2327,2472,1885,2600,2808,5073,4066,4682,3437,2711,2514,2245,1957,1860,2050,2050
7,1632,1891,1784,1570,1757,1629,1901,2641,4882,4395,4944,4993,4139,3348,2502,2394,2575,2705,2545,2253,2336,2091,2165,2263,2308,1958,1924,1801,2007,1776,1907,2777,4796,5000,4702,3370,3146,3160,2659,2195,2070,1879,1572,1623,1956,1634,2093,2099,1912,1840,1632,1638,1786,1892,1646,2616,5482,5456,4464,3189,2977,2332,1821,1972,1792,1742,1742,1708,2091,2401,2135,2348,2506,2097,1800,1533,1819,1961,1757,4242,4560,4496,4018,2981,2723,1979,2044,1853,1737,1376,1668,1571,1561,1879,2286,2181,2298,2034,1511,1906,1844,2570,4869,4806,4532,3208,3689,2230,2132,2046,1889,2084,2217,2189,2548,2580,2847,2900,2572,2354,1960,1962,2294,2274,2519,3144,4786,4414,4060,2900,3028,2521,1602,2004,1981,2041,1743,1983,1653,1634,1764,1671,1487,1658,1642,2137,3890,3238,4639,4595,4678,3491,2805,2715,2149,1964,1962,1764,1928,1814,1712,1921,1986,2152,1732,1762,1890,2078,1707,1943,3262,5676,5434,4642,4532,3643,3077,2548,2285,2165,2314,2053,2077,2147,2222,2145,2270,1717,1814,1675,1725,2235,2925,4710,5002,4682,4651,4170,3999,2886,2662,2348,2512,2108,2106,2078,1952,2073,1754,1818,1437,1841,1617,1962,1699,3362,4736,4842,4904,5180,4385,3302,3150,3273,2967,2461,2233,2353,1947,2205,2654,2467,2438,2485,2087,1985,2247,2300,2235,2537,6028,5283,5183,4594,3526,2946,2719,1793,2335,1993,2010,2031,1633,1605,1483,1547,1477,1485,1628,1596,1967,1990,4015,3746,4583,3133,2287,2254,1892,1848,1676,1495,1586,1634,1887,1814,1929,2035,1753,1855,1675,1428,1620,2096,2014,1808,3521,3720,3833,2912,2382,2021,2010,1681,1758,1653,1705,1354,1587,1660,1533,1596,1597,1369,1506,1635,1890,1698,2346,5096,5030,4819,4698,3774,3284,2778,2387,2152,2259,2073,1942,2009,2101,1776,1712,1650,1618,1664,1679,2051,1907,4033,4897,6008,5204,4742,3998,3077,3014,2597,2634,2574,2480,2018,2054,2011,1930,2941,2781,2677,2257,1998,1863,2474,5105,5867,4369,4224,4469,3637,2690,2680,2339,1951,1832,1838,1771,1888,1763,1936,2235,1687,1652,1325,1659,2079,1795,2196,5328,5943,5743,4488,3471,3041,2483,2251,2058,2031,2168,1927,2435,2618,2365,2235,1881,1648,1745,1546,1697,1822,4051,5193,4544,3704,3038,2680,2308,2000,2066,1936,1839,1833,1879,2099,1726,1605,1672,1414,1537,1590,2123,3164,3139,5221,5119,3752,3597,3477,3895,3639,3241,3116,2546,2227,2253,2199,2175,1973,2285,2143,2165,1901,1806,1748,1754,1857,2412,3799,5158,5243,4733,4061,2822,2911,2575,2149,1509,2320,2031,1886,2482,2302,2925,2895,2429,2285,2863,2277,2757,3251,5236,3844,4871,3217,2618,2237,2196,2021,2116,1955,1748
8,1672,2049,1684,1467,1613,1751,1809,2350,4158,4197,4928,5084,4156,3457,2393,2373,2592,2472,2541,2519,2054,1786,2095,2188,2272,1886,1809,1754,1652,1694,1724,2559,3951,5085,4795,3422,3106,3101,2666,2036,1872,2045,2018,1458,1982,1573,1880,2145,1598,1942,1506,1607,1457,1732,1447,2381,5395,5765,4811,3117,2742,2057,2236,1656,1774,1774,1773,1793,2197,2345,2257,2673,2466,1910,1633,1817,1524,1704,1566,3808,4598,4020,3617,3050,2574,2030,2022,1508,1745,1431,1525,1798,1613,1473,1815,1965,2309,1842,1864,1881,1766,2264,4496,4820,4357,3433,3354,2320,2493,2346,1722,1746,2100,1916,2469,2358,2661,2740,2924,2402,1919,2001,2177,2274,2360,3042,4746,4553,4120,2919,2911,2763,1328,1907,2071,2066,1610,2163,1959,1681,1872,1945,1766,1705,1857,2049,3385,2821,4220,4753,4832,4746,2977,2909,2000,2139,1997,1930,2008,1936,1435,1792,1781,2236,1681,1804,1721,1712,1640,1692,2822,6039,5327,4964,4644,3788,3093,2566,2295,2593,2291,2028,1891,1843,2528,2594,2225,1689,1971,1707,1680,2166,2392,4521,5153,4988,4719,4160,4059,2845,2649,2139,2484,2124,2146,2077,1734,2061,1482,1840,1523,2011,1638,1973,2295,2509,4393,4867,5037,5084,4285,2792,3069,3182,2810,2396,2148,2276,2157,2330,2291,2213,2711,2568,2056,1997,1797,2125,2262,2317,6034,5356,5217,4528,3551,3031,2836,1898,2263,2327,2023,1944,1657,1415,1426,1624,1503,1424,1521,1440,1737,1832,4625,4094,4843,3234,2315,2320,1751,1536,1513,1326,1444,1515,1482,1729,1837,1963,1596,1807,1713,1381,1651,2107,1998,1729,4113,4079,4017,2969,2323,1944,2097,1486,1515,1642,1709,1378,1518,1296,1394,1668,1753,1287,1354,1439,1858,1539,2260,5463,5138,4954,4723,3873,3249,2729,2523,1930,2207,1985,2229,2115,2107,1699,2044,1659,1493,1572,1897,1922,1839,3777,5136,5946,5459,4788,4022,3051,2520,2103,2202,2132,2244,1799,1952,1614,2267,2549,2711,2785,2255,2290,1784,2505,5099,6321,4748,4526,4510,3590,2788,2396,2560,2400,2179,1903,1691,1565,1976,1920,2092,1607,1427,1345,1566,1747,2064,2046,5287,6002,5787,4447,3369,3023,2506,2467,1748,2094,2004,1773,2224,2635,2360,2092,1725,1577,2077,1954,1940,2200,3628,5416,4551,3532,3007,2516,2444,2181,2037,2008,1603,2071,1747,1689,1985,1340,1688,1660,1630,1681,1599,3006,3356,5183,5194,3177,3446,3454,3875,3615,3127,3131,2404,2289,2132,2118,2356,2346,2199,2026,2235,1935,1940,1618,1696,2034,2281,3610,5169,5271,4757,3871,2822,3056,2412,1807,1788,2275,1854,1992,2201,2364,2904,2433,2151,2026,2275,2015,2328,3247,5503,3628,4684,3020,2324,1882,1556,1778,1562,1299,1276
9,1473,1784,1430,1431,1408,1541,1585,1700,3958,3630,4569,5087,4163,3524,2365,2051,2346,1972,2185,2125,2068,1799,1787,2210,1916,1796,1695,1781,1722,1574,1715,2169,3857,4693,4623,3531,3107,3099,2501,2187,1995,1755,1507,1462,1556,1386,1836,1858,1845,1528,1398,1358,1431,1705,1390,2342,5902,5690,5078,3312,2446,2314,2191,2147,1692,1874,1596,1787,1933,2278,2280,2173,2176,1823,1579,1520,1542,1514,1456,3946,4531,4194,3628,2664,2505,2064,1826,1512,1624,1505,1125,1187,1505,1443,1840,1923,2039,1630,1457,1389,1270,1924,4507,4957,4321,3529,3427,2568,2203,1984,1688,1716,1747,1841,2123,2364,2785,2495,2469,2103,1824,1940,2052,1798,2082,2447,4796,4601,4169,2896,2840,2349,1462,1840,1589,1927,1584,1553,1814,1487,1616,1572,1432,1455,1615,1488,3180,2751,5687,4872,4980,3445,3162,2777,2048,1903,1637,1845,1472,1695,1449,1854,1900,1835,1568,1462,1438,1695,1397,1494,2462,5883,5896,5014,4734,3692,2982,2724,2357,2015,2250,1889,2101,2180,2353,2570,1848,1608,1725,1573,1536,2139,2435,4791,5095,4809,4772,4131,3967,2810,2596,2172,2245,1822,1818,1893,1757,1997,1770,1492,1416,1610,1556,1625,1684,3768,4644,4914,5015,5083,4385,3003,2954,3014,2657,2189,2130,1840,1849,1864,2686,2309,2391,2388,2138,1897,1760,1943,1768,2173,5895,5420,5412,4490,3461,2823,2558,1973,2320,1897,1589,1763,1432,1389,1397,1401,1356,1341,1367,1388,1457,1792,4891,4560,5330,3152,2337,2148,1748,1498,1337,1220,1134,1421,1714,1596,1658,1664,1595,1436,1381,1361,1347,1684,1524,1601,4297,4260,4471,2848,2386,2018,1631,1308,1562,1138,1215,1438,1546,1508,1302,1376,1269,1177,1307,1416,1293,1478,2113,5668,5386,5205,4843,3620,3051,2574,2373,1836,1865,1827,1750,1790,2045,1728,1622,1569,1478,1475,1477,1502,1474,4096,4974,6125,5641,5314,4107,3086,2446,2136,1994,1750,2200,1674,1694,1785,2465,2580,2527,2304,2246,2020,1807,2262,5117,6265,4561,4374,4300,3777,2292,2467,2045,1732,1673,1785,1602,1617,1527,1444,2256,1319,1552,1343,1430,1729,1758,1950,5444,6214,5961,4393,2970,2711,2212,2070,1595,1544,1387,1817,2136,2380,2320,2256,1715,1517,1731,1516,1504,1636,3393,5820,4351,3714,3034,2210,2019,1823,1627,1603,1593,2139,1537,1872,1463,1399,1329,1357,1666,1367,1510,2657,3417,5546,5518,3786,3683,3613,3829,3676,3005,2878,2459,1929,2103,1983,1980,1858,2125,1967,1950,1750,1833,1520,1656,1632,2232,3501,5488,5360,4809,3869,2871,2909,2354,1677,1231,1839,1782,1753,2034,2326,2534,2383,2132,2181,2398,2037,2287,3226,5530,3570,4255,3058,2220,1878,1613,1436,1312,1261,1164
10,1529,1864,1723,1582,1581,1537,1591,2018,3934,3487,3979,4143,3720,3230,2318,2145,2536,2316,2301,2262,2347,2129,2172,2105,2360,1872,1892,1792,1561,1593,1435,2851,4312,4272,4249,3266,3049,2980,2523,2376,2178,1905,1880,1832,2167,1849,2009,2171,1959,1506,1564,1587,1697,1376,1458,2965,4613,4991,4691,3279,2755,2673,2237,2137,1939,2557,1941,1903,1790,2366,2222,2372,2415,2090,1740,1535,1442,1590,1838,4247,3962,3900,3187,2456,2676,2262,2290,2026,1770,1801,1628,1526,1760,1735,2051,2018,1987,1807,1610,1678,1668,2907,4388,3753,3582,3088,3285,2549,2404,2039,2126,2224,2227,2041,2270,2327,2501,2646,2386,2210,2079,1800,2354,2140,2264,3831,3872,3883,2849,2713,2683,2413,2057,2098,1995,2004,1782,1754,1491,1653,1647,1528,1503,1525,1439,1638,2717,3437,4782,4612,4614,3362,3334,3168,2692,2022,2164,1817,1940,1918,1727,2061,2021,1862,1847,1685,1504,1523,1554,1751,4298,4983,4669,4206,4463,3232,2891,2715,2379,2181,2258,2129,2167,2183,1908,2118,1698,1751,1502,1514,1601,2302,3224,4256,5184,4547,4236,3855,4089,2930,2406,2458,2336,2061,2064,2092,1832,2078,1764,1610,1770,1687,1703,1715,1739,3543,4107,4567,4788,4988,3097,3175,3126,2957,2855,2517,2328,2271,1688,1914,2394,2289,2041,2158,2153,1784,1827,1776,1911,2385,5873,4860,4687,4672,3439,3119,2838,2697,2471,2690,2190,2038,1805,1502,1390,1388,1345,1605,1558,1491,1507,1876,3496,3482,3775,2682,2244,2017,1805,1744,1624,1623,1927,1696,1973,1776,1806,1923,1651,1572,1369,1369,1476,1588,1772,1893,4082,3837,4081,2864,2155,1985,1768,1816,1800,1554,1547,1784,1554,1628,1493,1379,1341,1367,1460,1515,1467,1775,2246,5178,5258,4760,4648,3929,3352,2732,2707,2388,2328,2208,1892,1948,2327,2113,1880,1799,1642,1409,1486,1702,1893,3836,4761,5237,4796,4782,3795,2998,3038,2558,2593,2284,2458,2118,2161,2205,2197,2601,2633,2441,1935,1884,1768,2341,4487,4985,4071,4220,3837,3118,2265,2579,2313,1876,1814,1915,1977,1682,1365,1557,2076,1544,1440,1258,1646,1702,2135,3276,4499,5398,5109,3880,2804,2748,2074,2083,2001,1668,2005,2018,2157,2432,2220,2076,1668,1546,1508,1627,1588,1943,4070,4732,4213,3940,3205,2649,2368,2093,2445,1809,2053,2193,1947,2053,1982,1243,1843,1440,1866,1348,1731,3385,3652,4873,4536,3744,4132,3702,4281,1603,3115,3039,2615,2484,2260,2270,2315,1908,2323,2130,2064,1908,1830,1758,1673,1521,3253,3799,3839,4535,4208,3187,3146,2508,2531,2313,2046,2275,2058,1935,2386,2029,2941,2354,2438,2403,2380,2213,2769,3245,4706,3896,4201,3310,2688,2474,2344,2511,2049,1935,1933
11,1621,1926,1814,1604,1598,1687,1689,2199,4055,4191,4060,4204,3489,3185,2302,2163,2364,2323,2261,2291,2107,2059,2110,2062,2520,1965,1975,1899,1634,1827,1754,3090,4512,4186,4411,3258,3179,3106,2709,2332,2188,1978,1778,1853,1883,1862,2202,2238,2068,1798,1698,1666,1826,1520,1673,2946,5062,5193,4814,3707,2931,2671,2259,2294,2092,2202,2048,1990,2121,2542,2398,2450,2729,2463,1837,1814,1664,1770,1927,4324,4412,4321,3322,2413,2813,2406,2178,1832,1930,1788,1531,1642,1769,1954,2207,1961,2359,1921,1868,1870,1702,3172,4551,4624,4319,3425,3434,2575,2614,2220,2144,2267,2073,2069,2413,2591,2721,2512,2562,2481,2100,2010,2467,2314,2453,3403,4061,3917,2976,2728,2854,2664,2124,2073,1832,1930,1795,1848,1714,1706,1588,1787,1689,1687,1566,1733,2467,3550,5178,4674,4725,3616,3607,3129,2678,2167,2112,2041,1929,1911,1879,2154,2194,2222,2035,1764,1632,1671,1784,1927,5173,4997,5072,4681,4532,3626,2985,2667,2537,2222,1955,1963,2137,1969,2314,2140,2054,1912,1786,1613,1728,2308,3196,5409,5146,4564,4666,4221,4125,3095,2759,2450,2577,2112,2095,2246,2004,2052,1787,1629,1904,1883,1596,1833,1707,3669,4272,4623,4780,4964,3283,3179,2970,3100,2835,2349,2287,2250,1930,2061,2602,2383,2419,2521,2213,2000,1854,1999,2124,2654,6106,5033,5487,4741,3721,3224,3006,2795,2534,2157,2074,2061,1734,1549,1482,1596,1556,1566,1649,1691,1724,1942,4008,4007,4090,2911,2157,2118,1718,1690,1520,1518,1460,1711,1777,1668,1796,1970,1661,1751,1476,1551,1624,1626,1691,2071,4612,4170,4268,2945,2301,2022,1724,1626,1753,1553,1695,1387,1614,1664,1672,1587,1632,1435,1597,1620,1646,1618,2455,5320,5623,5238,4944,4024,3435,2856,2536,2265,2195,2267,2143,2176,2356,2018,2088,1969,1810,1662,1755,1925,1835,3898,4746,5407,5019,4429,3883,3098,2969,2754,2622,2235,2386,1905,2037,2053,2436,2547,2636,2649,2206,1896,1845,2579,4567,5003,4114,4586,4019,3286,2206,2437,2128,1882,1983,1891,1853,1714,1652,1723,1894,1566,1607,1300,1653,1808,2349,3139,4850,5712,5417,4023,2936,2646,2266,1995,1890,1668,1890,2010,2282,2442,2140,1894,1696,1745,1570,1699,1810,2093,5896,4994,4708,4114,3251,2747,2374,2282,2226,1969,1875,2158,1881,2072,1988,1549,1572,1730,1614,1720,1752,3310,3384,4972,4980,5835,4309,3858,4218,2068,3152,3101,2711,2466,2290,2187,2423,2153,2348,2347,2281,2134,2017,1863,1713,2074,3221,3936,4220,4656,3937,3180,3024,2329,2446,2313,2127,2136,2172,1881,2503,2301,2715,2317,2592,2255,2531,2520,2571,3304,4587,3656,4316,3312,2705,2493,2307,2129,2027,1875,1875
12,1773,2094,1937,1797,1581,1612,1952,2406,4413,3953,4202,4430,3646,3260,2433,2122,2514,2519,2373,2365,2216,1996,2199,1814,2340,2050,2107,1986,1375,1889,1573,3027,4524,4833,4500,3423,3456,3401,2727,2613,2358,2232,1910,1961,2094,1787,2031,2414,2371,1665,1754,1701,1822,1597,1733,3359,5470,5376,4817,3808,3119,2797,2374,2334,2161,2707,2045,1929,1992,2753,2112,2636,2492,2376,1900,1501,1755,1838,2101,4673,4831,4259,3619,2882,3061,2435,2379,2066,2015,1871,1662,1620,1860,1940,2210,1635,2302,1794,1601,1695,1760,3413,4847,4698,4177,3416,3496,2890,2524,2394,2269,2467,2285,2122,2498,2453,2730,2702,2850,2366,1794,1787,2288,2089,2619,3251,4547,4074,3231,2731,3006,2784,2230,2244,1954,2031,1843,1866,1900,1607,1800,1803,1508,1481,1703,1648,2671,3755,6171,4904,4991,3836,3826,3174,2783,2241,2165,1962,2055,1954,1868,2029,1871,1888,2033,1689,1649,1770,1855,1950,5225,5674,5474,4888,4652,3476,2997,2635,2412,2050,1867,1917,2157,1845,2190,2216,1833,1728,1573,1333,1884,2342,3140,5196,5270,5016,4945,4607,4250,3100,2554,2501,2638,1905,2122,2205,1964,1812,1503,1271,1829,1620,1549,1718,1898,3807,4594,4922,5048,4946,3421,3360,2926,3036,2720,2304,2342,2114,1759,1872,2311,2186,2246,2258,1980,1867,1885,2041,1988,2766,6494,5675,5658,5054,3755,3178,2960,2673,2411,2268,2100,1819,1702,1496,1441,1420,1606,1582,1681,1661,1734,1725,3932,3810,4109,2866,2081,2289,1619,1803,1506,1493,1671,1611,1930,1649,1888,1929,1463,1572,1381,1508,1570,1695,1672,2180,4524,4200,4378,2933,2283,1692,1448,1653,1741,1600,1520,1869,1588,1495,1733,1363,1483,1448,1543,1421,1487,1497,2457,5208,5767,5240,5015,4001,3396,2658,2352,2251,2198,2152,2015,2018,2206,2084,1864,1876,1728,1526,1707,1779,2057,4425,4910,5625,5174,5004,3911,3069,3110,2891,2620,2389,2444,1848,2172,2010,2109,2737,2868,2587,2065,2092,1893,2290,4605,5287,4139,4164,3988,3212,1927,2353,2283,1834,2368,1864,1822,1672,1473,1531,1892,1656,1904,1267,1360,1887,2428,3473,4738,5653,5514,4066,2935,2681,2140,2048,1974,1604,1907,1875,2267,2314,2019,1892,1524,1698,1886,1659,1797,2139,6117,5307,4617,4190,3165,2712,2475,2483,2253,1909,1925,1992,1903,2178,2277,1379,1530,1526,1927,1828,1967,3517,3516,5313,4991,6009,4096,4055,4409,4089,3214,3090,2642,2511,2295,2229,2599,1818,2017,2543,2307,2136,1821,2011,1698,2212,3208,3939,4362,4842,4309,2950,3088,2319,2509,2319,2042,2209,2498,1922,2481,2029,2880,2379,2215,2646,2513,2331,2827,3281,4890,3749,4182,3101,3115,2353,2212,2276,2066,1966,1912
13,1539,1779,1458,1650,1359,1344,1917,1701,4272,3992,4584,5234,4184,3402,2439,2254,2315,2383,2395,2453,2128,2280,1938,2062,2479,2001,1869,1632,1628,1762,1552,2175,3739,5041,4677,3539,3600,3486,2485,2280,2359,1923,1956,1965,1805,1460,1654,1915,1682,1460,1255,1271,1383,1332,1258,2254,6065,6197,5343,3673,2743,2503,2325,2283,1768,2164,1906,1753,2180,2117,1805,2284,2103,1994,1671,1446,1747,1435,1754,3784,4762,3962,3547,2567,2564,1940,1728,1506,1824,1646,1162,1306,1296,1483,2025,1812,1970,1574,1463,1381,1260,2810,4352,5261,4498,3965,3531,2516,2345,2086,1842,2210,1875,1646,2156,2438,2317,2391,2375,1979,1746,1719,1725,1729,1946,3824,4784,4806,4241,2976,2719,2442,1930,2378,1974,1984,1944,1548,1597,1492,1491,1278,1433,1388,1500,1523,3116,2795,5568,5148,5105,3650,3390,2756,2683,2069,1901,2095,1969,1678,1602,2059,2145,1816,2030,1494,1517,1525,1345,1398,2612,5979,5965,5244,4945,3699,3018,2870,2696,1967,2258,1993,2288,2233,2097,2250,1749,1922,1571,1650,1816,1972,2662,4692,5524,5038,4926,4216,3784,3087,2574,2669,2421,2209,2004,2094,2044,1847,1712,1487,1543,1519,1460,1640,1523,3585,4565,4980,5112,5250,3875,2829,3007,3195,2602,2258,2169,2131,1879,1997,2612,1965,2264,2184,2211,2013,1918,1904,1838,2529,6162,5764,5788,4847,3672,2939,2665,2403,2206,2096,1889,1808,1439,1482,1357,1342,1330,1329,1712,1548,1502,1616,4785,4723,5218,2862,2127,2273,1649,1840,1410,1314,1324,1354,1713,1604,1904,1436,1469,1396,1279,1306,1318,1447,1509,2019,4633,4284,4225,2987,2029,1820,1830,1511,1573,1513,1503,1683,1352,1417,1714,1291,1309,1307,1324,1313,1336,1389,2063,5472,5614,5494,4913,3732,3145,2461,2271,1913,2197,1908,2112,1812,2226,1563,1727,1495,1420,1582,1446,1547,1422,3919,4752,6003,5462,5540,3912,3142,3101,2654,2544,2325,2071,1796,1778,1874,2504,2452,2416,2154,2029,1775,1563,1967,5120,5926,4668,4391,4374,3469,2493,2291,2253,2131,2103,1666,2115,1363,1520,1518,1958,1341,1456,1357,1309,1467,1924,1918,5314,5947,5729,4117,2997,2337,1965,1926,1981,1873,1808,1612,2032,2391,2033,1958,1580,1594,1515,1431,1426,1691,3335,5430,4286,3755,3138,2795,2184,2217,2131,1437,1626,1439,1505,1802,1694,1323,1368,1410,1234,1443,1309,2934,3273,5557,5718,4258,3780,3419,3650,3677,3315,3036,2831,2460,2126,2136,2236,2058,2006,2379,1930,1794,1635,1791,1641,1602,2161,3670,4940,5475,5029,3944,2762,2517,2201,2245,1527,1843,2172,2276,2495,2278,2518,2580,2500,2060,1974,1950,2184,2761,5074,3782,4695,3136,2646,2027,1833,1949,1775,1521,2034
14,1632,1938,1690,1588,1728,1827,1653,2072,4178,4224,4103,4296,3707,3344,2441,1943,2279,2248,1824,1753,1825,1721,2113,2075,2652,1902,1906,1993,1775,1772,1937,2760,4321,5099,4354,3721,3239,3131,2629,2244,2021,1683,1841,1580,1768,1904,2084,2431,1989,1687,1641,1705,1824,1642,1708,3243,5381,5460,4935,3682,3035,2812,2242,1861,1981,1753,1626,1976,2154,2579,2504,2719,2720,2123,1920,1912,1654,1872,1862,4637,4586,4275,3493,2629,2762,2536,2058,1649,1401,1436,1695,1633,1711,1916,2363,2163,2253,1932,1884,1890,1772,3138,4982,4698,4537,3682,3859,2644,2255,1921,1771,1861,2173,2105,1993,2245,2595,2800,2518,2357,2202,2301,2498,2344,2662,3171,4357,4349,3247,3024,2916,2250,1829,1882,1895,1673,1625,1951,1990,1910,1782,1686,1522,1585,1520,1764,2463,3199,4961,4851,4889,3732,3602,2892,2547,1815,1918,1870,1790,1706,1796,2220,1865,2242,1902,1818,1724,1749,1747,2030,5226,5644,5287,4882,4535,3683,3042,2484,2064,2022,1798,2019,2160,1820,1973,2241,2220,1917,1833,1639,1655,2575,3395,5560,5176,4810,4875,4304,4297,3086,2587,2259,2253,1775,2049,1946,1921,2001,1755,1749,2109,1680,1843,1892,2118,3470,4318,5013,4872,4977,3312,3163,3093,2891,2582,2357,2202,2085,1677,2079,2407,2445,2313,2413,2061,2169,1997,2064,2155,2575,6225,5179,5145,4781,3550,3178,2774,2481,2234,2096,2029,2044,1723,1480,1467,1471,1492,1627,1620,1516,1813,2018,3935,4172,4318,2722,2433,2013,1866,1618,1672,1509,1522,1528,1463,1843,1873,2081,1947,1756,1627,1532,1511,1775,1984,2142,4607,4142,4038,2903,2413,2082,1850,1631,1405,1654,1531,1716,1558,1448,1585,1701,1606,1510,1568,1722,1663,1785,2448,5586,5864,5187,4701,4021,3434,2699,2116,2233,2112,1878,1803,2170,2352,2131,2192,2015,1828,1658,1671,1917,1857,3762,4928,5508,4993,4610,3718,3116,2682,2398,2127,1944,2327,2102,1956,1898,2409,2615,2626,2488,2491,2031,1833,2570,4913,5560,4433,4633,4153,3547,2263,2197,1794,1636,1574,1694,1541,1659,1423,1788,1815,1698,1446,1489,1651,1781,2856,3578,4800,5529,5362,3759,2675,2482,2015,1633,1689,1647,1601,1834,1978,2132,2351,1815,1740,1664,1737,1756,1615,1976,5829,5454,4925,4322,3110,2878,2396,2079,2097,1848,1535,2067,1677,1957,1916,1480,1542,1561,1474,1623,1736,3148,3588,5225,5083,6102,4323,3877,4151,3769,3068,2746,2274,2172,1983,1877,2480,2202,2550,2391,2040,1950,1924,1896,2122,1884,3592,4071,4193,4829,4259,3191,3066,2196,2320,1983,1722,2094,1813,1779,2169,2110,3018,2310,2367,2127,2089,1991,2123,2553,4322,3180,3813,2802,2176,1918,1662,1826,1374,1408,1267
15,1592,1951,1961,1691,1726,1812,1641,2347,4530,4037,4476,4809,4125,3564,2588,2201,2505,2340,2321,1934,2100,1909,2066,2125,2610,1818,1930,1881,1750,1743,1905,2709,4651,4919,4355,3865,3265,3317,2976,2385,2017,1589,1907,1541,1803,1644,1777,2111,1821,1535,1615,1595,1830,1448,1643,3002,5631,5667,4863,3458,2879,2670,2335,2199,2292,1413,1433,2079,2197,2381,2327,2404,2388,2021,1652,1776,1540,1866,2018,4203,4926,4336,3204,2220,2757,2365,1894,1506,1316,1334,1345,1364,1788,1718,2132,2031,2015,1828,1717,1715,1804,3411,4648,4719,4447,4430,3646,2443,2229,2268,2145,2169,1996,1907,2054,2235,2487,2643,2290,2118,1980,2056,2338,2065,2440,2801,4578,4238,4470,3161,3028,2277,1810,1882,1876,1882,1699,1703,1894,1721,1853,1538,1520,1551,1480,1609,2203,3409,5348,4882,5404,3643,3517,2962,2560,2324,1930,1599,1965,1565,1605,2020,1908,2006,1779,1808,1519,1560,1706,1804,2587,5726,5702,4874,4720,3680,2967,2351,2275,2285,2028,2091,1967,1754,2032,2013,2150,1781,1633,1494,1709,2541,2982,5382,5165,4860,4638,4241,3849,3085,2878,2226,2281,1691,1999,1997,1969,1777,1728,1648,1906,1604,1727,1707,1916,3437,4510,4817,4680,4923,3183,3057,3154,2838,2699,2598,2208,2062,1765,1896,2494,2101,2098,2099,1939,2004,1746,2059,1896,2654,5821,4994,5314,4761,3296,3005,2484,2102,2350,2124,2121,1962,1486,1540,1370,1349,1480,1474,1380,1433,1600,1774,4179,3948,4099,2571,2301,1879,1745,1466,1494,1407,1367,1531,1519,1680,1667,1886,1801,1586,1553,1495,1479,1697,1886,2172,4399,3844,4278,2719,2270,2018,1860,1623,1680,1711,1516,1625,1552,1291,1286,1659,1403,1414,1383,1657,1552,1724,2283,5428,5789,4783,4588,3638,3075,2722,2500,2298,2240,1880,1831,1800,2188,2027,1908,1766,1571,1712,1453,1748,1975,3912,4538,5426,4872,5030,3639,2983,2629,2458,2173,2129,2397,2096,2031,1718,2224,2501,2534,2346,2221,1847,1706,2371,4734,5411,4274,4457,3796,3240,2250,2074,1774,1701,1513,1806,1597,1528,1356,1608,2117,1677,1486,1350,1561,1523,1792,2231,4764,5539,5270,3669,2634,2637,2302,1498,1583,1730,1652,1850,1953,1981,2218,2117,1895,1556,1596,1650,1480,1970,5582,5299,5022,4358,3251,2606,2344,2330,2201,1856,1537,1637,1726,1665,1723,1470,1793,1350,1604,1738,1476,3114,3421,5042,4689,6579,4339,3808,4153,3853,3177,3258,2155,2563,2141,1979,2156,2002,2299,2197,2019,1908,1822,2029,1471,1842,3614,3741,3910,4698,4571,3353,2676,2138,2140,2096,1886,1994,1953,1798,2277,2124,2959,2170,2357,2275,2215,2251,2354,3273,4507,3412,4159,3134,2457,2075,2064,2199,1548,1667,1667
16,1865,2115,1803,1605,1602,1567,1357,2028,4020,4386,4126,4679,3970,3499,2476,2164,2430,2469,2211,1951,2171,2084,2140,2022,2370,1977,1946,1855,1698,1798,1762,3020,4060,4841,4544,3736,3281,3145,2884,2273,2241,2124,1984,1825,2007,1660,1932,1899,2070,1684,1593,1511,1775,1555,1578,3133,5459,5435,4765,3431,2920,2757,2342,2129,2150,1966,2018,1982,2176,2244,2095,2308,2418,2029,1803,1676,1616,1827,1914,4149,4588,3970,3244,2689,2732,2429,2206,1842,1723,1732,1372,1612,1806,1837,2174,1914,2267,1908,1776,1854,1692,3054,4557,4734,4430,4250,3716,2757,2593,2256,2160,2235,2208,2031,2123,2393,2641,2587,2359,2329,2241,2004,2221,2100,2387,2567,4485,4411,4378,3322,3127,2583,2506,2347,2213,2073,1825,1940,2072,1695,1836,1609,1444,1578,1632,1782,2671,3025,5295,5051,5369,3747,3663,3052,2735,2315,2299,2055,2281,1923,1832,2086,1935,2042,1838,1754,1659,1746,1693,1762,2720,5884,5700,5122,4809,3739,3050,2832,2260,2158,2170,2207,2082,2011,2246,2261,2049,1765,1639,1501,1721,2512,2926,5413,5324,4989,5028,4391,4222,3298,2972,2581,2819,2140,2155,1928,2188,2093,1703,1586,1956,1690,1665,1878,1833,3533,4379,4937,4724,5165,3634,3408,3387,3095,2884,2658,1962,2241,1883,1985,2410,2255,2342,2416,2033,2064,1990,2120,2138,2502,6128,5136,5231,5024,3960,3372,3276,2803,2729,2108,2367,2252,1710,1547,1397,1425,1535,1560,1640,1515,1728,1764,4413,4282,4375,2731,2200,2102,1868,1738,1686,1643,1547,1651,1572,1739,1809,1506,1709,1573,1473,1424,1616,1701,1859,2056,4992,4670,4623,3192,2476,2166,2052,1809,1892,1761,1642,1280,1603,1590,1609,1566,1545,1332,1536,1625,1651,1704,2239,5546,6030,5168,4707,3951,3408,3000,2717,2449,2438,2263,2210,2144,2278,2163,2046,1672,1679,1620,1706,1876,1957,3538,4432,5554,5050,5374,4067,3074,3084,2991,2489,2307,2359,2170,2103,1926,2222,2500,2503,2494,2219,1984,1804,2361,4962,5665,4465,4593,3992,3301,2386,2482,2075,1997,1922,1796,1738,1679,1628,1708,2193,1565,1613,1430,1427,1695,2015,2212,4711,5468,5186,3734,2820,2607,2255,1892,1918,1561,1818,1820,2094,2266,2184,2193,1866,1485,1579,1633,1681,2098,2733,4962,5042,4644,3547,3109,2496,2348,2277,1935,1819,1820,1795,2179,1697,1402,1406,1588,1741,1703,1658,2974,3496,5440,5313,4543,4361,4047,4394,3992,3272,3161,2784,2532,2324,2262,2416,1968,2271,2176,2120,1952,2041,1713,1581,1991,4349,4137,4294,5286,4599,3581,2916,3009,2343,2162,2042,2246,2018,1926,2452,2045,2964,2008,2175,2177,2633,2362,2555,2992,4981,3744,4380,3166,2633,2073,2215,2051,1966,1719,1719
17,1750,1741,1716,1526,1446,1392,1625,1559,3301,4211,4651,5258,4513,3888,2958,2475,2762,2545,2318,2645,2224,2220,2197,2085,1807,1898,1763,1753,1598,1648,1795,1964,3640,4642,4612,3972,3802,3439,3041,2425,2399,2111,2043,1934,1911,1701,2145,1872,1805,1523,1331,1298,1468,1324,1519,2129,5300,5869,4687,3814,2988,2914,2242,2367,1700,1976,1976,1712,2629,1955,2036,2212,2181,1924,1705,1694,1613,1485,1508,3821,4645,4193,4099,2809,3052,2506,2204,1858,1831,1668,1536,1574,1616,1713,2192,2223,2116,1710,1522,1500,1386,2727,4634,5290,4853,4758,4094,2823,2625,2295,2243,1980,1766,1850,2198,2359,2531,2436,2410,2160,2020,2259,2175,2401,2263,3426,4567,4817,4715,3725,3439,2731,2477,2460,2071,1932,2088,2183,2077,1812,1695,1411,1450,1448,1511,1565,2910,2882,5470,5427,5981,5256,3976,3377,3069,2529,2493,2218,2248,2050,1908,2264,2232,1993,1919,1644,1618,1629,1675,1912,2795,5809,6013,5304,5085,4070,3387,3240,2809,2098,2450,2135,2392,2258,2208,2327,2180,1770,1596,1631,1714,2186,2840,4951,5227,5189,5500,4855,4641,3471,3124,3024,2807,2272,2250,2383,1970,2377,1843,1901,1846,1690,1725,1776,2023,3759,4564,5400,5266,5440,3897,3423,3406,3358,3040,2158,2286,2089,1749,2077,2697,2446,2443,2454,2309,2204,2077,2290,2201,2797,6241,5858,6062,5252,4151,3712,3403,3073,2640,1820,2044,2285,1572,1514,1518,1481,1513,1645,1801,1643,1760,2235,5567,5208,4082,2766,2427,2289,2027,1901,1787,1497,1226,1266,1631,1710,1866,1662,1789,1651,1447,1373,1348,1507,1663,2052,4954,4795,4048,3662,2947,2508,2188,1747,1695,1475,1569,1648,1664,1516,1629,1619,1371,1375,1443,1603,1519,1691,2339,5673,6233,5561,5233,4117,3488,2865,2751,2266,2232,2282,2299,2197,2382,1950,1960,1878,1644,1599,1602,1605,1497,3908,4893,5765,5413,5357,4108,3480,3264,2859,2643,2557,1936,2060,1992,2199,2412,2585,2640,2489,2366,1745,1642,2370,5025,5974,5288,4774,4402,3756,2922,2414,2408,2214,2123,1588,2001,1811,1597,1634,2143,1529,1467,1422,1477,1691,2055,3330,5491,6019,5501,3806,3029,2676,2475,2064,2079,1589,1647,1843,2026,2501,2439,2143,1863,1590,1528,1596,1514,1801,3052,5388,4827,4349,3599,3230,2599,2442,2063,1752,1940,1740,2087,1961,1994,1548,1596,1401,1234,1420,1484,2713,3996,5790,5550,4639,4872,4045,4176,4181,3410,3531,3098,2525,2589,2233,2643,2304,2516,2305,2322,2141,2098,1821,1650,2243,3703,3732,4379,5739,5266,4270,3432,1994,2415,2334,2083,2237,1699,1784,2200,2182,3249,2246,2724,2508,2615,2703,3057,2747,5005,4091,3726,2878,2470,2103,2105,1975,1377,1883,1883
18,1905,1860,1925,1729,1584,1451,1699,1870,4123,4714,4598,5302,4860,4183,3271,2835,2602,2925,2775,2798,2641,2136,2290,2176,2693,2265,2210,2108,1750,2044,1941,2730,3934,4448,4804,3891,4079,3821,2946,2826,2634,2161,2037,2165,2189,2026,2250,2235,2202,1792,1576,1615,1734,1582,1628,2806,5942,5722,4799,4242,3242,3005,2962,2691,2285,2191,2250,2227,2195,2373,2519,2586,2545,2279,1788,1733,1829,1711,1795,4437,5373,4797,4476,3183,3571,2833,2547,2296,2001,2012,2105,1788,1946,1972,2588,2388,2391,1957,1757,1671,1605,3488,4795,5603,5331,5275,4490,3271,2895,2751,2479,2491,1988,2256,2495,2614,2507,2692,2613,2357,2257,2395,2717,2579,2852,3915,5026,4943,5075,3968,3626,2991,2431,2726,2328,2403,2195,2508,2391,2011,1821,1443,1497,1556,1566,1680,2889,3682,5631,5092,5895,5394,3897,3573,3397,2654,2530,2020,2000,2234,1912,2273,2248,2153,2078,1928,1641,1876,2009,2168,3045,6173,6348,5665,5256,4144,3169,2777,2862,2501,1839,2348,2500,2228,2412,2459,2141,1926,1620,1647,1844,2403,2574,5633,4786,5392,5819,4569,4783,3561,2839,3099,2813,2296,2147,2536,2482,2482,1837,1763,1947,1812,1844,1857,2241,4019,4884,5411,5132,5290,4107,3751,3561,3351,3007,2825,2054,2594,1997,2339,2613,2601,2298,2556,2245,2275,2141,2505,2563,2998,6624,6008,6141,5411,4353,3814,3703,3475,2258,2115,2654,2488,1894,1677,1450,1579,1488,1558,1839,1662,1774,2300,4944,4308,3951,3477,2636,2499,2255,1966,1825,1773,1484,1687,1791,1945,2041,1724,1826,1741,1458,1501,1507,1539,1732,2044,5089,4623,4652,4056,3237,2753,2280,2237,1679,2002,1922,1148,1882,1837,1938,1720,1473,1415,1547,1645,1527,1666,2203,5734,5832,5596,5609,4504,3899,2887,3104,2707,2939,2654,2691,2715,2666,2440,2291,1966,1641,1757,1621,1679,1595,4146,4918,5443,5234,5765,4468,3585,3461,3249,2903,2681,2612,2312,2376,2407,2603,2590,2664,2820,2543,1964,1905,2368,5284,6098,5547,5047,4413,3865,2727,2926,2605,2173,1695,2181,2234,2114,1781,1771,2326,1576,1681,1416,1545,1754,2513,3657,5512,6092,5742,4262,2941,2811,2222,2186,2212,1491,1904,2060,2309,2368,2493,2326,2017,1693,1673,1639,1477,1890,2353,5809,4956,4650,3941,3318,3166,2520,2518,2091,2322,2325,2217,2162,2413,1682,1458,1433,1562,1622,1724,2990,4547,5776,5116,4261,4536,4264,4312,3944,3743,3492,3481,2163,2873,2644,2869,2472,2718,2236,2453,2371,2135,1938,1699,2504,3917,3455,4382,5793,5274,4328,3693,3040,2612,2668,2500,2603,2625,2066,2583,1902,2947,2249,2751,2535,2681,2038,2139,2584,5649,3822,4813,3699,3139,2285,2357,1716,1730,1897,1557
19,1229,1364,1379,1407,1249,1234,1252,1635,3125,3117,3117,3180,2710,2350,1851,1756,1970,2097,2093,2246,1879,1745,1635,1597,1870,1738,1801,1674,1483,1364,1260,2982,3109,3564,3181,2274,2248,2416,2160,1969,1869,1556,1423,1441,1165,1453,1669,1701,1637,1487,1428,1374,1371,1250,1290,2714,4129,3644,3594,2545,2071,1968,1668,1674,1619,1860,1503,1400,1477,1703,1619,1847,1965,1751,1714,1396,1385,1371,1399,3689,3178,2721,2474,2248,2381,2479,2298,1982,1814,1508,1364,1069,1249,1349,1641,1651,1789,1576,1436,1350,1419,2513,3220,2606,2781,2532,2580,2164,2001,1756,1625,1687,1581,1353,1601,1801,2059,1952,2267,2029,1868,1910,1852,1828,1956,3464,3383,3073,2193,2090,2292,1890,1878,1761,1605,1497,1267,1284,1379,1209,1371,1197,1245,1257,1196,1201,1225,2585,4085,3688,3869,3906,3056,2555,2329,1761,1857,1532,1798,1441,1329,1683,1582,1711,1691,1563,1455,1411,1396,1431,3791,4249,3948,3905,3989,2919,2540,2333,2064,1884,1768,1700,1728,1631,1702,1828,1918,1630,1610,1602,1375,2374,2590,3813,3876,3570,3683,3373,2914,2541,2229,1966,1944,1427,1509,1437,1485,1414,1247,1431,1434,1534,1439,1462,1724,3374,3455,3525,4054,3605,2414,2419,2471,2678,2393,2231,1780,1862,1480,1502,1714,1831,1771,2003,1848,1705,1716,1617,1518,2214,4551,3899,3946,3686,2666,2215,2134,1823,1679,1317,1482,1465,1100,1195,1096,1254,1439,1471,1505,1193,1386,1727,2993,3275,4089,2859,2109,2118,1796,1624,1572,1498,1333,1342,1454,1382,1386,1571,1349,1386,1461,1364,1149,1324,1488,1764,3845,3461,4114,3005,2423,1917,1803,1725,1616,1498,1382,1544,1202,1291,1345,1243,1380,1382,1435,1344,1349,1363,2125,4271,4305,3749,3447,2637,2429,2026,2005,1899,1800,1761,1565,1481,1696,1553,1696,1669,1634,1245,1449,1371,1311,3363,3553,4051,3491,3541,2860,2088,2336,2079,2040,1843,1841,1723,1441,1650,1813,1991,1739,2197,2073,1870,1570,2200,3152,4005,3575,3301,3416,2777,1952,2102,1877,1787,1353,1363,1438,1483,1129,1400,1523,1740,1459,1253,1371,1408,1749,2678,2848,3567,2607,2134,1761,1770,1470,1425,1396,904,1220,1201,1397,1611,1660,1523,1553,1375,1303,1337,1246,1849,3299,3683,3548,3218,2344,2275,1994,1753,1735,1429,1402,1651,1406,1534,1484,1218,1204,1411,1479,1296,1143,1375,2337,3903,3951,3809,3233,3141,3560,2736,2496,2344,2128,1786,1639,1433,1820,1446,1711,2109,2340,1888,2078,1801,1350,1620,2780,2834,3821,3638,3069,2829,2645,2147,2059,1884,1577,1813,1154,1369,1596,1886,1674,2048,1984,1818,2099,1719,2396,2209,2903,2671,2898,2396,1874,1670,1484,1488,1395,1433,1433
20,2125,1892,1987,1799,1774,1575,2064,2251,4205,4667,4970,5044,4634,3770,2571,2480,2685,2356,2430,2246,2232,1898,2154,2072,2245,2400,2412,2276,2151,2253,2206,3309,4144,4942,4624,4190,3776,3431,3050,2638,2419,2141,1811,1937,1836,1909,2401,2318,2159,2194,1975,1690,1762,1972,2063,3379,5628,5572,4838,3976,3111,2973,2540,2444,2163,1968,2005,2034,2021,2429,2275,2524,2716,2524,2208,1943,1980,2236,1907,4466,4951,4464,3963,3172,2751,2835,1994,2090,1875,2042,1712,1742,2099,2140,2729,2508,2723,2159,1924,2047,1964,3340,4104,5026,4653,4666,3857,3248,2848,2448,2606,2309,2432,2462,2454,2606,2719,2792,2797,2481,2543,2408,2984,2803,2840,3910,4410,4401,4361,3365,3420,2788,2334,2328,2276,2171,2116,2108,2343,2154,2219,1825,1799,1965,1912,2043,2687,3552,5832,5203,5705,4958,3934,3367,2964,2558,2192,2117,2333,2127,1771,2459,2205,2409,1979,2122,1955,2238,2260,2310,3718,6058,5915,5196,5047,4047,3360,2798,2634,2300,2335,2228,2444,2227,2683,2673,2481,2203,2004,1910,1760,2678,2772,5372,5417,4227,5383,4316,4367,3246,3078,2884,2481,2130,1906,2180,2208,2332,2025,2112,2242,2035,1793,2059,2546,3787,4585,5316,4823,5228,4118,3544,3467,3268,2942,2667,2070,2284,2226,2191,2485,2556,2486,2769,2577,2532,2437,2703,2629,2998,6135,5458,5515,5194,4233,3530,3092,2840,2880,2449,2426,2512,1618,1622,1504,1606,1612,1941,1883,1821,2091,2278,4978,4944,5092,2985,2476,2066,2040,1938,1705,1742,1631,1618,1843,1736,1765,1647,1940,1767,1702,1901,1810,2159,2229,2481,5141,4789,4771,3828,3013,2646,2340,2230,2168,2254,1836,2233,2036,1757,2071,1882,1870,1847,1781,1764,1957,1901,2625,6038,5781,5201,5068,4092,3569,3016,2920,2254,2464,2175,2203,2344,2617,2552,2445,2137,1891,1862,1674,2182,2343,2502,4151,5605,5015,5293,3994,3287,2979,3075,2872,2371,2080,2015,2261,2149,2617,2820,2878,2893,2570,2279,1904,2548,5009,5803,5250,4472,4411,3899,3216,2737,2667,2289,2124,2138,1676,2019,2158,2101,2668,1860,1853,1632,1841,2285,2925,4003,5337,5775,5332,3962,3250,3096,2619,2391,2298,1662,1948,1854,2310,2427,2586,2668,2018,1827,1999,1939,1801,2397,3056,5242,5347,4919,3948,3624,3223,2550,2754,2174,2111,2044,2370,2156,2129,1664,2073,1705,2191,1978,2073,3046,4193,5674,5715,4069,5033,3553,4650,4105,3666,3255,2881,2783,2552,2356,2852,2266,2589,2415,2797,2580,2426,2159,2474,2499,4567,4027,4301,5391,4179,3829,3508,3097,2486,2335,2191,2705,2198,2009,2227,3150,3459,2665,2949,3018,2965,2942,3315,3275,5460,4213,4597,3466,2900,2458,2512,1736,1629,1758,1758
21,1467,1455,1584,1552,1526,1553,1528,2718,5075,4017,3934,3602,3045,2207,1878,1411,1777,1995,2243,1632,1903,1673,1519,1514,1614,1631,1664,1424,1477,1585,1473,2548,3221,4140,3329,3221,2051,2289,1867,1570,1452,1517,935,1217,1462,1022,1495,1955,1392,1560,1425,1335,1339,1298,1321,4100,4146,2865,2602,1799,1552,1391,1278,1095,1197,1126,1135,1202,1288,1813,1881,2090,1992,2019,1647,1536,1319,1483,1503,3602,4106,3140,2800,2470,2497,2003,1695,1527,1277,1368,1016,1162,1340,1560,1759,1993,2073,1726,1529,1530,1629,3876,4872,4628,3505,3430,3238,2404,2074,1799,1918,2086,1930,1714,1848,2352,2282,2179,2048,1881,1795,1892,2129,2067,3317,4103,4231,3812,3368,2430,1877,1621,1410,1574,1463,1100,1213,1261,1151,1112,1331,1428,1410,1347,1374,1415,1589,3355,4336,4095,4165,2406,2226,2136,2236,1621,1711,1549,1933,1260,1266,1618,1633,1687,1562,1485,1366,1379,1444,1623,4116,4534,4414,3814,3919,2748,2092,1718,1478,1377,1556,1217,1879,1727,1677,1547,1531,1601,1442,1351,1540,1920,1827,5185,3637,3626,3957,3565,2358,2037,1488,1264,1612,947,1333,904,1242,1190,1122,1162,1348,1472,1317,1421,2030,3225,2750,3487,3529,3522,2775,2247,2382,2568,2098,1615,1264,1466,1521,1472,1618,1855,1913,1996,1626,1722,1554,1608,1535,2205,5416,4224,4857,3872,2438,1834,1768,1677,1359,1052,1143,1253,1157,1265,1236,1439,1489,1512,1487,1413,1453,2191,3596,3347,4183,2632,2367,2027,1646,1486,1376,1221,1649,1718,1840,1693,1600,2033,1454,1524,1473,1263,1321,1340,2759,3242,4505,3436,4403,2977,2207,1828,1656,1389,1553,1191,1258,1154,1052,1157,1118,1213,1365,1289,1481,1409,1415,1355,1826,4334,3885,3757,2774,1914,1947,1553,1810,1685,1646,1976,1683,1549,1830,1613,1657,1403,1456,1204,1382,1421,1297,3659,5063,5062,4729,3919,2430,1869,1906,2097,2417,2018,1879,1473,1362,1648,2096,2272,2289,2289,1749,1705,1707,2151,3467,4346,4517,4169,3929,2721,1759,1671,1582,1098,1284,785,1308,1042,1113,1267,1488,1240,1507,1433,1443,1540,2386,3121,3821,4620,2920,2276,1738,1637,1467,1381,1212,1082,1166,1311,1759,1621,1766,1488,1409,1282,1272,1422,1416,2561,4376,3868,3930,3328,2282,1613,1544,1308,1132,1299,963,944,1312,1422,1466,1050,1285,1323,1631,1305,1321,1551,1958,4140,4203,3290,2157,2086,2782,2861,2633,1957,1611,1617,1443,1227,1949,1428,2076,2073,1947,1796,1853,1665,1311,1676,3905,4765,4972,4571,3869,3115,2474,1769,1958,1960,1937,1814,1933,1648,1801,2020,2746,2289,1869,1966,2259,1925,4051,3587,4441,3355,3607,2735,2017,1777,1274,1410,1151,1397,1000
22,1500,1586,1624,1647,1571,1615,1575,2926,4353,4265,3528,3687,3048,2390,1685,1434,1597,1605,1771,1869,1766,1458,1662,1494,1725,1653,1731,1584,1664,1683,1442,2812,3176,3754,3230,3454,2054,2223,1883,1529,1090,1342,1020,1166,1394,975,1570,1964,1557,1752,1505,1375,1494,1379,1458,4575,4168,2986,2910,1886,1635,1527,1015,768,840,1072,1072,1110,1287,1796,1892,2116,2169,2048,1693,1613,1550,1488,1586,3482,3997,3135,2893,2554,2456,2051,1752,1480,1107,1006,1177,1054,1437,1575,1836,2214,2148,1734,1542,1579,1681,3924,4072,4692,3264,3601,3207,2438,2062,1536,1696,1783,1404,1896,1891,2059,2330,2261,2106,1988,1778,1822,2187,2191,3536,4052,4167,3580,3455,2457,2052,1686,1119,1367,1187,996,1050,1168,1091,1422,1510,1573,1517,1517,1451,1473,1586,3523,4126,3838,3989,2448,2133,2169,1931,1345,1408,1331,1852,1236,1138,1610,1591,1770,1731,1666,1579,1508,1613,1573,4212,4699,4659,3713,3895,2936,2114,1723,1309,1248,1370,1153,1338,1513,1631,1700,1771,1678,1691,1644,1537,1994,1800,5807,3601,3885,3626,3270,2534,2103,1735,1552,1514,1255,1195,851,1327,1315,1171,1322,1626,1615,1476,1535,2082,3722,2787,3388,3567,3500,2934,2279,2307,2379,2022,1479,1140,1207,1512,1377,1651,1916,1929,2096,1865,1811,1462,1730,1625,2219,5383,4263,4198,3816,2497,1836,1705,1714,1070,1079,1034,1097,992,1280,1148,1499,1428,1447,1543,1410,1545,2152,3614,3132,4011,2672,2354,2156,1627,1549,1319,1038,1334,1325,1694,1635,1688,2187,1616,1598,1659,1572,1532,1442,2621,2932,4360,3281,4606,2997,2123,1748,1652,1514,1674,1373,1048,1045,1120,1099,1159,1201,1465,1143,1634,1390,1539,1517,1836,4585,4020,3417,2763,2028,1857,1521,1444,1438,1440,1606,1439,1507,1856,1615,1535,1693,1632,1460,1501,1478,1383,3676,5376,4651,4307,4068,2422,1824,2026,1816,2139,1662,1582,1315,1333,1569,1901,2258,2427,2284,1861,1624,1842,2259,3727,4856,4760,4380,4022,2722,1892,1794,1607,1343,1291,706,1083,1175,995,1217,1405,1485,1655,1679,1362,1640,2707,3150,3552,4392,3146,2375,1712,1712,1545,1379,1205,903,951,1151,1694,1776,1784,1405,1440,1403,1396,1388,1527,2696,4307,3763,4155,3288,2471,1540,1545,1450,1304,1294,973,1140,1010,1283,1061,1064,1066,1510,1653,1399,1469,1624,2036,4252,4000,3037,2388,2250,3025,2959,2462,1822,1490,1421,1248,1183,1562,1431,2236,2075,1909,1740,2078,1764,1715,1884,4289,5043,4555,4612,3999,3089,2580,1845,1695,1454,1498,1628,1796,1487,1816,2022,2304,2322,2258,1998,2762,1969,4084,3697,4559,3367,3433,2460,1985,1756,1548,1334,937,1319,854
23,1489,1737,1647,1606,1511,1682,1872,2917,4017,3947,3475,3457,2932,2301,1608,1791,2084,2246,2062,1762,1764,2049,1688,1725,1956,1667,1534,1478,1671,1614,1877,2732,3015,3547,3272,2924,2092,2278,1963,1704,1331,1272,1343,1334,1495,1243,1592,2055,1591,1769,1483,1496,1625,1548,1517,3262,4244,2877,2977,2129,1873,1722,1311,1464,1456,1437,1289,1456,1700,2387,2363,2550,2202,1998,2030,1712,1678,1915,1503,3433,3671,3090,2821,2432,2455,2461,1811,1603,1346,1478,1264,1179,1565,1805,2007,2220,2185,1608,1588,1430,1827,4211,3978,4760,3155,3216,3256,2584,2127,1906,1667,1904,1869,1863,1926,2258,2182,2402,2326,2078,1955,1994,1949,2129,3220,4205,4486,3963,3421,2491,2237,1978,1832,1357,1500,1411,1321,1336,1319,1565,1635,1467,1457,1663,1395,1471,1571,3280,4418,3670,4057,2357,2141,2312,2245,1830,1541,1753,1820,1198,1248,1748,1733,1817,1775,1507,1915,1831,1527,2019,4222,4739,4175,3884,4126,3163,2187,2008,1968,1729,1570,1616,1402,1721,1812,1842,2100,1645,1728,1872,1451,2194,1826,4185,4224,4626,3643,3024,2385,2077,1806,1641,1381,1369,1243,1383,1389,1399,1248,1577,1802,1558,1499,1899,1906,2899,2637,3448,3017,3588,2990,2294,2632,2532,2237,1921,1559,1514,1684,1659,1689,2130,2148,2182,1795,1669,2070,2083,1554,2311,5482,4234,4432,4134,2646,1871,1647,1594,1447,1598,1639,1592,1282,1362,1517,1558,1380,1397,1863,1382,1601,2310,3399,3109,4314,2744,2144,2200,1520,1551,1249,1495,1283,1373,1832,1970,1804,2119,1633,1506,1920,1759,1540,1757,2702,3490,4369,3228,3849,2884,2293,1677,1628,1687,1676,1518,1505,1329,1220,1243,1311,1262,1537,1559,1583,1869,1512,1464,2317,3776,3747,3208,2787,1903,1967,1942,1855,1862,1848,1796,1719,1644,1823,1623,1760,1971,1790,1738,1497,1621,1414,3950,4309,4264,3860,3342,2436,1881,2035,2034,1823,1937,1834,1621,1375,1799,2003,2306,2426,2207,2449,2209,1694,2553,3661,3900,4852,4344,4042,2876,1991,1953,1506,1690,1471,921,1437,1461,1201,1463,1935,1887,1661,1955,1876,2015,2605,3139,3536,4340,3152,2301,1925,1865,1689,1447,1548,1465,1448,1759,1678,1886,1902,1935,1636,1502,1630,1737,1578,2433,4502,3892,3617,3165,2562,2079,1604,1588,1658,1219,1414,1398,1405,1501,1564,1314,1704,1661,1698,1620,1606,1691,2542,3626,3829,3227,2451,2414,3247,3202,2762,2225,1811,1703,1473,1404,1769,1536,2053,2095,2403,2310,1899,1753,1789,1888,3328,4690,4813,4671,3956,3188,2527,1931,2106,1961,1771,2217,2256,1990,1945,2040,2349,2223,2258,1824,2212,1918,4076,3697,4472,3120,3469,2412,2040,1722,1725,1603,1370,1211,1184
24,1603,1333,1557,1568,1459,1617,1346,1798,3074,3119,2793,2372,2049,1845,1900,1980,1936,2079,1766,1787,1912,1495,1371,1786,1585,1442,1605,1095,1251,1057,1466,2309,2372,3045,2327,2522,2073,2157,1755,1751,1047,1372,1371,1446,1155,963,1362,1527,1302,1294,1507,1054,1273,1189,1423,2995,3285,2457,2559,2084,1724,1507,1415,1322,1276,1495,1485,1183,1252,1368,1464,1664,1437,1772,1326,1658,1379,1277,1555,2731,2592,2527,2593,2026,2297,1838,1611,1503,1487,1028,1365,1210,1367,1237,1875,1824,1687,1708,1530,1380,1225,2672,3061,3436,2680,2502,2207,1910,1787,1759,1592,1981,1603,1712,1358,1828,1760,1535,1826,1434,1728,1434,1461,1611,2331,2813,3126,3153,2191,1853,1852,1695,1523,1412,1601,1064,1374,1234,1170,1266,1253,1351,1279,1248,1267,1357,1441,2238,2756,2791,3029,2709,2178,1940,1933,1413,1524,1441,1559,1386,1216,1529,1332,1604,1268,1427,1423,1543,1162,1247,3279,2860,3200,3166,3274,2390,1907,1711,1651,1454,1468,1244,1477,1326,1364,1554,1441,1529,1297,1479,1519,2153,1732,3870,3576,3350,3111,2532,1941,2060,1556,1602,1394,1158,1162,1195,1366,1214,1068,1185,1406,1085,1325,1287,1614,2596,2353,2462,2677,2448,1986,2254,2163,2307,1601,1404,1634,1332,1553,1340,1666,1541,1575,1577,1536,1615,1594,1405,1445,2243,3798,3212,3416,3127,2748,2139,1863,1597,1535,1485,1429,1159,1267,1271,1223,1370,1517,1562,1627,1421,1490,2304,3179,2781,3649,2574,2495,1925,1744,1880,1657,1551,1211,1688,1765,1538,1399,1710,1316,1481,1357,1548,1468,1501,1614,2743,2829,2559,3062,2484,2272,1776,1664,1396,1534,1409,1323,1287,1281,1459,1346,1252,1478,1421,1377,1526,1443,1409,1445,3543,2826,2851,2175,2032,2019,1986,2013,1869,1857,1964,1531,1562,1508,1387,1191,1590,1561,1398,1402,1322,1140,2348,3128,3468,3175,2794,2459,1846,2223,2020,2232,1946,1991,1357,1460,1660,1805,1960,1722,1918,1623,1726,1330,1898,3074,3304,3168,2797,3176,2629,1902,2013,1752,1404,1573,926,1383,1479,1162,1226,1537,1441,1378,1533,1470,1577,1939,2800,2754,3224,2704,2410,1837,1763,1504,1639,1209,1052,1182,1205,1581,1675,1524,1537,1583,1148,1123,1389,1296,2220,3524,3257,3089,3374,2374,1948,1763,1636,1433,1324,1565,989,1346,1394,1595,1180,1264,1470,1669,1405,1373,1509,1940,3646,3180,2543,1820,2128,2286,2755,1893,1930,1516,1846,1380,1432,1740,1613,1615,1674,1448,1805,1511,1600,1518,1257,2556,3480,3789,3689,3291,2728,2547,1986,2040,1932,1895,1954,1876,1237,1777,1877,2521,2302,2040,1609,2415,1667,3927,3548,3681,3328,3342,2538,1878,1789,1548,1485,1149,818,1167
25,1566,1470,1704,1605,1615,1562,1525,2044,4608,4397,3733,3663,3091,2446,2129,2116,2275,2477,2478,2460,2063,2120,1942,1740,1720,1519,1587,1663,1428,1464,1457,3392,3879,4125,3712,3058,2384,2447,2167,1939,1648,1878,1650,1583,1455,1492,1726,1753,1648,1634,1490,1427,1361,1316,1304,3834,4413,3499,3046,2137,1908,1789,1767,1661,1673,2056,1630,1647,1458,1763,1722,1922,1993,1837,1737,1555,1379,1514,1588,3881,4477,3685,3107,2775,2692,2217,2149,1949,1723,1578,1455,1599,1532,1595,1799,2139,1913,1762,1583,1456,1709,4448,4315,4731,3672,3522,3361,2521,2334,2194,2136,2248,2131,1787,2094,2169,2145,2324,2107,2068,1910,1963,2088,2150,3704,4108,4413,3829,3396,2502,2405,2100,1904,2007,1901,1762,1631,1672,1347,1434,1500,1585,1469,1442,1341,1438,1526,3745,4375,3960,4208,3232,2724,2692,2460,2091,1993,1998,1696,1551,1581,1842,1792,1767,1620,1610,1633,1486,1440,1285,4582,4662,4360,3857,3922,3031,2335,2237,1969,2063,1972,2076,2041,1856,1841,1696,1825,1629,1509,1496,1497,2405,2722,5022,4451,3931,3768,3412,2954,2470,2195,2048,2050,1745,1786,1812,1606,1622,1385,1364,1587,1477,1483,1678,1982,3387,2814,3385,3554,3576,2312,2418,2627,2627,2265,1989,1688,1790,1766,1705,1930,1914,1877,1911,1832,1668,1622,1656,1516,2190,5038,4791,4986,4763,3230,2624,2521,2310,2064,1533,1928,1896,1746,1674,1519,1601,1548,1669,1602,1518,1540,2207,4052,4055,4158,3351,3024,2597,2163,1956,1971,2122,2041,2071,1921,1934,1821,1909,1640,1630,1582,1558,1424,1418,1522,3302,4265,3442,3773,3039,2588,2260,1949,1894,1816,1724,1680,1669,1515,1345,1426,1412,1465,1441,1462,1517,1363,1501,2014,4394,3179,3174,2657,2173,2474,2160,2347,2354,2368,2098,1932,1650,1646,1534,1629,1591,1467,1358,1360,1454,1407,3668,4502,4934,4351,4163,3178,2706,2791,2619,2496,2381,2453,2160,1979,2149,2162,2260,2463,2212,2085,1814,1750,2233,4217,4665,4578,4118,3990,2976,2114,2035,1957,1787,1646,899,1624,1454,1311,1512,1693,1559,1495,1455,1429,1795,2340,3962,3892,4241,3327,2766,2160,1968,1879,1665,1673,1552,1702,1679,1729,1780,1718,1693,1585,1310,1410,1366,1383,2416,5142,4014,4389,3931,3260,2629,2190,2035,2040,1798,1745,1887,1705,1730,1518,1233,1520,1623,1538,1382,1412,1527,2587,3691,3354,3536,3140,2617,2839,3064,2490,2309,1993,2090,1914,1686,2106,1633,1861,1978,1575,1783,1854,1574,1630,1598,3287,5000,4989,4743,4292,3666,3069,2144,2196,2220,2077,2108,1866,1830,2110,2157,2459,2600,2329,2085,2399,1955,3844,3515,4283,3624,3992,2975,2482,2044,1792,1568,1632,1346,1223
26,1758,1632,1686,1529,1743,1796,1658,2287,3378,4960,4540,4567,3353,2880,2591,1894,2394,2321,2057,2298,1760,1991,1939,1771,1836,2395,1838,2450,2222,2267,1838,2763,4060,4917,4778,4444,3189,3400,2808,2597,2393,1979,1860,1746,1598,1568,1790,1807,2124,1981,1833,1819,1824,1675,1763,3414,4483,3663,3294,1831,2114,1905,1890,1556,1827,1419,1419,1632,1659,2343,2237,2344,2462,2405,2153,1978,1973,1835,2121,3850,4322,4166,3698,2941,2617,2597,1961,1874,1577,1587,1162,1093,1435,1774,2108,2557,2153,2227,2070,1868,2033,2750,4587,4133,3930,3920,3421,2660,2301,2098,1924,2355,1822,2088,1992,2595,2803,3009,3030,2628,2386,2597,2680,2651,2711,3450,4019,3425,3580,3081,2618,2434,2082,2170,1860,1925,1459,1571,1178,1478,1636,1573,1561,1537,1656,1658,2402,4682,4875,4315,5092,3465,3130,2477,2531,2156,1992,1964,1755,1500,1510,1746,1873,2049,1899,1791,2052,1957,1815,2334,2852,4397,4251,4372,4183,3798,3277,2853,2538,2251,2123,1851,1710,2068,1888,2067,2440,2251,1875,1950,1968,2106,1985,3895,4488,4551,4403,4146,3500,3176,2835,2152,1288,1785,1760,1603,1758,1787,1593,1760,2244,1745,1955,1986,2117,2495,3077,3758,4161,3861,2758,2792,3041,3070,2733,2330,1831,2200,1956,1906,1533,2386,2481,2894,2266,2351,2188,2282,2039,3013,5432,4624,4398,4536,4384,2773,2531,2317,1805,1712,1570,1782,1236,1365,1326,1457,1957,2041,2058,1881,1923,2309,4025,3563,4921,4240,3378,2737,2339,2232,1998,1721,1754,1765,1902,1916,1757,1926,1847,2023,1938,1950,1817,1861,2092,4518,4279,4024,4587,3614,2953,2528,2260,2000,2047,1857,1514,1336,1284,1334,1345,1549,1482,1770,1587,1808,1493,1963,2648,4506,3864,4152,4073,2839,2878,2417,2396,2161,2317,2218,1919,1798,2089,1919,2482,2503,2344,2080,1880,2074,3572,3514,4531,5000,4368,4280,3289,2916,2649,2545,1849,1990,1920,1643,1551,1937,2829,3062,3295,2727,2814,2587,2215,2761,4802,4213,4213,4340,3675,3062,2379,2518,2236,2394,1963,1437,1934,1727,1496,1728,2253,2499,2075,1728,1929,1967,1858,3315,4657,4734,3724,2646,2216,2089,1955,1966,1984,1830,1794,1927,1967,1992,2240,2253,2096,1425,1946,1787,1629,2940,4593,4138,3879,3256,2477,2205,2061,2241,1928,1760,1678,1670,1754,1768,1439,1439,1575,1512,1905,1601,1642,1767,1827,3296,3969,4124,3412,2986,3324,3231,2899,2553,2346,2157,1790,1672,1999,1596,2524,2631,2578,2590,2267,2242,2012,2184,1858,4162,5465,4878,4679,3791,2906,2320,2211,2201,2207,2209,2054,2242,2437,2547,2905,2495,2124,1982,2072,1833,5395,4511,4643,3773,4304,2959,2164,1807,1521,1395,1284,1328,1031
27,1450,1247,1464,1609,1515,1822,1565,2296,4725,5465,4719,4511,3297,2451,2192,1862,2252,2234,1984,1736,1653,1559,1742,1700,1979,2198,2527,2454,2130,2226,1692,2833,3414,4932,5511,4207,3263,3162,2752,2519,2396,1892,1812,1557,1588,1332,1543,1743,1921,1533,1762,1378,1487,1533,1594,3406,4360,3442,2827,2266,1875,1127,1650,1584,1613,1859,1324,1519,1547,2082,2148,2460,2003,2375,2117,1813,1464,1638,2156,3689,4042,3639,3295,2712,2771,2448,2062,1751,1724,1466,1034,1070,1299,1565,1946,2179,1594,1826,1739,1571,1892,3080,4551,4510,3690,3483,2746,2281,2010,1949,1785,2140,2224,2116,2034,2434,2682,2763,2872,2113,1782,2661,2479,2347,2676,4321,3906,3293,3416,2447,2470,2016,1661,1951,1726,1617,1369,1455,1326,1197,1451,1237,1439,1667,1569,1356,1606,4343,4910,4451,5032,3261,3191,2408,2263,1957,1795,1630,1482,1179,1169,1419,1458,1720,2041,1701,1677,1893,2162,2283,3088,3896,4545,4451,4441,3899,2928,2736,2566,2059,1888,1795,1555,1733,1649,1678,2085,2444,2178,2050,1862,2127,2027,3461,4260,4871,4543,4257,3571,2961,2364,2373,1729,1982,1806,1951,1624,1466,1309,1256,1957,1720,1724,1609,2102,2368,2900,3408,3960,3885,2535,2679,2831,2932,2552,2112,1776,1814,1704,1620,1638,2004,2253,2737,2497,2433,2396,2187,1759,3203,4450,4407,3978,4477,3581,2788,2297,2071,1805,1592,1540,1511,1183,1403,1311,1678,2035,1630,2194,1879,1690,2057,4340,4143,5362,4019,2715,2226,1808,2163,1614,1732,1819,1746,1633,1578,1515,1554,1470,1435,1841,1744,1766,1706,1647,3024,4537,4251,4722,3444,2433,2118,2007,1362,1996,1717,1569,1337,1178,1130,1244,1228,1316,1433,1602,1593,1412,1519,2219,4571,3859,4539,3856,2542,2541,2305,2223,2160,2169,2019,1829,1578,1887,1631,2073,2375,2246,1904,1793,2069,2621,4484,5262,5115,4315,4182,3056,2750,2652,2323,2167,1941,1723,1550,1397,2042,2142,2536,2957,2521,3030,2599,2260,2770,5352,3873,3551,3748,3645,2909,1981,2315,2211,1699,2152,1702,1475,1373,1318,1331,2144,2042,2086,1242,1521,1805,2034,3216,4255,4782,3868,2358,1941,2102,1922,2039,1808,1704,1637,1625,1822,1910,1741,2144,1510,1623,1449,1546,1525,2768,4515,4318,4164,3818,2797,2693,2048,2148,1872,1836,1790,1926,1715,1757,1411,1296,1449,1097,1601,1607,1608,1714,1670,3637,3789,3418,3051,2956,3570,3038,2801,2525,2311,1999,1966,1622,1746,1429,1917,2524,2899,2608,2350,2469,2484,2549,1527,4044,5221,5031,4336,3413,2752,2769,2661,2326,2206,2511,2649,2157,2534,2469,2442,3427,2890,3085,2567,2327,4705,3854,3769,2909,3642,2664,2651,2006,1997,1877,1933,1596,1652
28,1931,1652,1761,1732,1646,1839,1720,2089,4270,4675,4162,4198,3345,2589,2473,2621,2471,2512,2295,2306,1893,1871,1978,1849,1936,2282,2473,2295,2350,2098,2122,2765,2778,4126,4106,3798,3024,3318,2790,2591,2628,2028,2228,1884,1311,1693,1692,1811,1689,2053,2006,1864,1840,1632,1595,3549,3755,3574,3214,2636,2201,2254,1853,1844,1833,1856,1588,1896,1655,2204,2177,2166,2286,2186,2111,1770,2003,1835,2534,3587,3824,3651,3315,3048,2754,2763,2367,2044,1924,1784,1352,1161,1660,1888,1836,2107,2166,2284,1946,1955,2462,3046,4541,3840,3808,3391,2912,2462,2053,2161,2119,2319,1552,1951,2006,2302,2467,2443,2869,2547,2460,2491,2967,2763,3512,4478,4186,3832,3564,2924,2630,2226,1376,2243,1924,1884,1829,1794,1754,1592,1575,1598,1494,1706,1754,1645,2139,3507,4308,4017,4667,3220,3757,2539,2866,2488,2058,2315,2204,1505,1972,1766,1913,2136,2340,2170,2110,1963,2081,2520,3627,4424,4692,4389,3921,3761,3169,2713,2518,2323,2179,1972,1773,2020,1757,1986,2139,2337,2273,2118,2111,2081,2175,4658,4259,4698,4236,4147,3295,2993,2955,2299,1765,1917,1857,2001,1744,1873,1625,1994,2132,1952,2014,2165,1842,2475,3320,3288,3984,3293,2698,2905,2906,2696,2657,2384,2162,2136,2051,1689,1899,2367,2074,2479,2584,2517,2404,2320,2152,3012,4126,4796,4568,3973,3634,2890,2814,2474,2127,1831,1842,1926,1070,1525,1528,1823,1811,2087,1990,1949,1874,2324,3509,3839,4820,3931,3072,2713,2462,2164,2113,1951,1799,1889,1916,1805,1863,1721,1979,2063,1819,1996,1799,1735,2125,3208,4371,3716,4198,3643,2875,2651,2334,2430,2147,2000,1762,1770,1494,1382,1396,1488,1715,1786,1998,1905,1803,1857,2217,4663,3523,4365,4263,2799,2769,2629,2460,2312,2331,2115,2128,1940,2311,1885,2351,2468,2106,2004,1925,2512,2954,4213,4926,4916,3992,4216,3214,2695,2717,2651,2147,2172,2333,1734,1648,1440,2335,2471,3003,2922,2523,2535,2409,2692,5349,4359,4049,3698,3622,3207,2544,2605,2335,1992,2117,1811,1846,2065,1585,1478,2012,2082,1882,1792,1901,1913,2033,3815,4093,4861,3559,3386,2354,2499,2412,2189,2064,2044,1861,2067,1994,1873,2139,2012,2050,1936,1968,1790,1744,2464,4888,3607,4396,4037,2974,2862,2797,2603,2283,2294,2380,2115,2203,2049,1782,1838,1634,1190,1835,1615,1713,1812,1947,3674,4202,4145,3560,3647,4004,3423,2689,2685,2405,2197,2057,1966,1979,1658,2222,2558,2563,2583,2417,2137,2167,1999,2058,4446,4760,5117,4745,3312,3313,2758,2825,2486,2456,2391,2690,2207,2675,2753,2823,3053,2731,2451,2381,2298,4187,4039,4378,3267,3959,2980,2690,2441,2241,1970,2084,1998,1629
29,1616,1448,1716,1727,1568,1794,1664,2353,4273,4650,3705,3908,3034,2802,2289,2642,2350,2194,2109,2038,1753,1717,1807,1636,1686,2074,2458,2187,2414,2257,2398,2618,2680,3796,4337,3906,3211,3150,2713,2577,2507,1877,1709,1590,1635,1493,1440,1640,1976,2177,1939,1785,1743,1551,2010,3401,4543,3386,3287,2602,2044,2000,1813,1802,1623,2025,1545,1558,1441,1893,1923,1946,2246,2361,2126,1715,2020,1749,2425,3493,4071,3796,3409,2973,2756,2623,2391,1999,1702,1553,1312,1131,1281,1341,1772,2109,2332,2234,2157,2046,2328,3014,4403,4139,3944,3449,2908,2534,2256,1972,1612,1627,1450,1592,1324,2022,1841,2461,2618,2599,2434,2234,2745,2646,3265,4522,4282,3619,3550,2726,2652,2354,1350,2063,1746,1611,1376,1668,1210,1431,1387,1509,1567,1662,1543,1634,1662,3488,4250,4058,4389,3252,3634,2752,2663,2584,1894,2135,1812,1116,1176,1467,1571,2196,2227,2185,1947,1862,2131,2331,3007,4219,5236,4251,4111,3652,3080,2913,2606,2265,2062,1765,1434,1318,1645,1677,2121,2337,2448,2319,2080,2051,2078,4222,4330,5065,4260,4319,3615,3080,2442,2401,2016,1806,1916,1906,1446,1343,1418,1742,2201,2059,1985,2018,1634,2215,2740,3249,3875,3186,2438,2659,2898,2869,2649,2434,2143,2050,1896,1878,1719,1801,2184,2577,2715,2643,2450,2234,2136,2923,5345,4541,4196,4217,3406,2880,2670,2266,1964,1624,1790,1767,862,1371,1437,1650,2018,1875,2078,2040,1822,2121,4541,4564,5017,4209,3071,2519,2221,2202,1870,1746,1526,1508,1566,1685,1699,1300,1805,1988,1792,1684,1795,1674,2133,3409,4586,4208,4214,3523,2783,2469,2197,2036,1960,1733,1602,1521,1302,1131,1244,1352,1810,1687,1907,1831,1766,1813,2296,4880,3258,4325,3819,3142,2765,2459,2362,2217,2189,1913,1819,1862,1996,1777,2265,2343,2108,2206,2151,2585,2947,4955,5008,4818,4360,3590,3335,2447,2519,2366,2097,1973,1911,1720,1470,1583,2292,2301,2726,2984,2732,2600,2577,2963,5340,4084,4141,3677,3405,2913,2321,2389,2290,1916,2041,1497,1475,1303,1277,1585,2065,2004,2186,1859,1721,1777,2107,3427,4242,4997,4452,3186,2379,2273,2280,2270,1914,1935,1793,1683,1807,1884,2059,2065,1986,1819,1928,1703,1824,2049,4196,4001,4390,4004,3090,2919,2733,2370,2347,2098,2051,1981,1801,1758,1732,1729,1447,1268,1816,1609,1661,1721,2006,3461,3118,3978,3884,3356,3678,3287,2741,2394,2148,1843,1667,1645,1623,1509,2091,2735,2785,2569,2746,2400,2641,2429,3561,4086,4875,4972,4496,3218,3060,2784,2670,2355,2239,2316,2212,1808,2342,2518,2848,3149,3006,3004,2468,2160,4333,3847,4245,3202,3796,3020,2459,2266,2074,1936,1778,1966,1635
31,1515,1523,1756,1730,1861,1571,1560,2882,4655,5011,4369,3709,3200,2021,2969,1090,2462,2485,2251,2419,1875,1858,1867,1683,2086,1803,1852,2064,1732,1874,1499,3483,3668,4679,4681,4021,3072,2807,2260,1961,2151,1956,1811,1574,1928,1534,1885,1876,1987,1856,1530,1793,1861,1348,1357,4286,4999,4089,3633,2389,2032,2484,2120,1607,1739,2026,1776,1901,2075,2263,2258,2330,2355,1909,1540,1478,1793,1980,2701,4275,4407,3800,3397,2174,2545,2030,1776,1907,1454,1406,1282,1248,1603,1709,2175,2102,2158,2120,1947,1958,2085,2830,4969,4873,4018,3778,3445,2189,2331,2070,2127,2248,2100,2494,2219,2394,2445,2549,2054,2291,2244,2156,2348,2349,3718,5282,3910,3625,3807,2976,2527,2209,1904,1820,1727,1599,1580,1868,1324,1658,1407,1440,1688,1547,1490,1774,2869,4651,4722,4151,4156,3268,2919,2446,2501,2431,2033,2011,1682,1422,1655,2120,1769,2120,1772,2044,1895,1396,1736,1728,3163,5029,4319,4327,4407,3665,3201,2066,2487,2416,2304,2251,2077,1986,1998,1727,1730,1944,1568,1757,1823,2433,3203,4762,5154,4530,4185,4003,3758,2439,2399,2201,2166,2467,2024,2043,1704,1626,1553,1431,1633,1700,1643,1936,1564,3602,4068,4125,2874,3931,3809,2288,2977,3026,2725,2088,2152,2255,2127,2095,1941,2359,2280,2397,2560,2287,1666,1713,2189,3378,5835,4922,4499,4825,4309,2885,2872,2365,2613,1895,2232,2265,1478,1486,1347,1505,1520,1975,1456,1380,2011,2330,3774,3607,4094,4024,3233,2350,2173,2164,1909,2129,1769,1931,1885,1894,1878,2077,1893,1746,1438,1637,1686,1424,2094,4044,4825,4212,3984,3798,2624,2534,2324,1907,2183,1896,1943,1698,1441,1425,1361,1411,1544,1718,1778,1602,1798,1361,2131,5016,3704,4258,3901,2960,2938,2213,2398,2538,2452,2207,2207,2105,2309,1919,2447,2220,1714,1591,1939,2256,2461,4083,5154,4925,4499,4150,2975,1861,2121,1439,1972,1956,1960,1790,1612,2076,2123,2504,2114,2531,2232,1882,1887,2184,5207,4931,5135,4422,3791,3266,2509,2238,2000,1964,1749,1899,1742,1873,1315,1480,2218,1603,1350,1766,1700,1675,2628,4680,4945,4960,4302,3125,2345,2230,1746,1851,1788,1743,1767,1737,1865,2005,1806,2218,1769,1691,1540,1466,1712,4072,5864,4417,3805,3124,3446,2301,2424,1923,2074,1958,1678,1680,1796,1916,1593,1438,1730,1308,1609,1593,1560,1862,2284,4715,4850,4296,4147,3580,3863,3473,2762,2607,2203,2127,2059,1756,2122,1879,2223,1873,2017,1757,1754,1803,2032,1777,4120,4649,5239,5300,4578,3333,2922,2312,2612,2345,2157,2176,2381,1943,2472,2382,2365,2677,2436,2297,2241,2461,4900,4611,4497,3497,3980,2969,2009,2230,2281,1789,1848,1884,1688
32,1540,1532,1614,1690,1658,1683,1760,3146,5458,5586,4999,4042,3452,3020,2740,2302,2497,2403,2197,1489,1285,1986,2025,1852,2109,2240,1999,1811,1740,1693,2012,3215,3953,5043,5299,4967,3593,3050,2685,2128,1584,1935,1555,1385,1753,1383,1647,2146,1768,1669,1479,1614,1628,1477,1426,4482,5665,5076,4438,2825,2420,2096,1894,1060,1119,1685,919,1764,1769,2174,2038,2256,2073,2359,2039,1803,1743,1655,1943,4856,4738,4708,3590,2965,2760,2308,1785,1589,918,918,1280,1231,1438,1829,2278,2141,2214,1924,1814,1675,2570,3951,5069,4684,4598,4310,3428,2637,1946,2281,2182,1146,2056,1956,1823,2223,2661,2516,2421,2060,2087,2258,2531,2667,3297,4484,4409,4052,4103,2967,2667,1909,1308,1422,1037,1580,1871,1720,1348,1496,1630,1423,1429,1571,1576,2203,4087,5072,5708,4813,5526,3490,3251,2320,2328,2213,1677,1717,1812,1528,1433,2194,2087,1829,2023,1729,1625,1710,1572,1895,3300,5092,5331,4497,4492,3765,2907,2709,2206,1731,1067,2029,1680,1849,1887,2241,2316,1676,1525,1784,1699,2307,3391,5001,5526,4610,5208,4635,3920,2889,2431,1918,1987,2019,1737,1862,1381,1721,1516,1594,1830,1538,1499,1668,1779,3538,4553,4741,4927,4047,3639,3200,3112,3062,2736,2049,1975,1948,1638,1853,1779,2384,2243,2504,2145,2040,2159,2089,1839,3427,6417,5559,5217,4943,4630,3492,2679,2244,1871,1761,1761,1954,1379,1378,1427,1413,1549,1670,1654,1653,1647,1867,3935,3775,4257,4174,2840,2790,1892,1807,1592,1697,1441,1451,1468,1686,1551,2018,1787,1691,1757,1619,1389,1683,2102,5730,5121,4299,4512,3595,2643,2143,1820,1352,1514,1404,1493,1571,1246,1313,1615,1453,1504,1546,1537,1440,1312,1493,2058,5550,4964,4730,4412,2731,2769,2482,1844,2157,1689,2219,1918,1935,2067,1651,2115,2053,1654,1487,1585,2002,2339,4761,5362,5890,5106,4426,3187,2561,1866,1303,1678,1177,1506,1721,1556,2005,2236,2704,2416,2346,2278,2134,1710,2282,5200,5543,5032,4637,4528,3777,2469,2181,2072,1793,1127,1477,1711,1578,1730,1698,2028,1687,1547,1659,1623,2039,4129,5380,5051,5322,4164,2675,2191,1805,1638,1433,1313,1397,1326,1448,1443,1946,2148,2028,1675,1619,1815,1698,1782,4387,6390,5248,4696,3947,3384,3016,2054,1636,1793,1385,945,1081,1422,1421,1463,1282,1563,1510,1686,1664,1693,1657,2121,4331,4830,4913,4234,3429,3982,3509,2698,2644,2156,1467,1825,1813,2018,1733,2243,2016,1991,2107,1948,1701,2029,1773,3867,4928,5049,5940,4924,3439,3075,1780,2010,2341,1930,1741,1895,1638,2130,2631,2767,2792,2577,2172,2303,2225,5416,4475,5007,3646,4355,3095,2143,1642,1767,989,1074,749,1044
,,,,,,,,,,,,,,,,,,,,,,,,,,,,,,,,,,,,,,,,,,,,,,,,,,,,,,,,,,,,,,,,,,,,,,,,,,,,,,,,,,,,,,,,,,,,,,,,,,,,,,,,,,,,,,,,,,,,,,,,,,,,,,,,,,,,,,,,,,,,,,,,,,,,,,,,,,,,,,,,,,,,,,,,,,,,,,,,,,,,,,,,,,,,,,,,,,,,,,,,,,,,,,,,,,,,,,,,,,,,,,,,,,,,,,,,,,,,,,,,,,,,,,,,,,,,,,,,,,,,,,,,,,,,,,,,,,,,,,,,,,,,,,,,,,,,,,,,,,,,,,,,,,,,,,,,,,,,,,,,,,,,,,,,,,,,,,,,,,,,,,,,,,,,,,,,,,,,,,,,,,,,,,,,,,,,,,,,,,,,,,,,,,,,,,,,,,,,,,,,,,,,,,,,,,,,,,,,,,,,,,,,,,,,,,,,,,,,,,,,,,,,,,,,,,,,,,,,,,,,,,,,,,,,,,,,,,,,,,,,,
,1596.533333,1691.5,1672.5,1597.4,1574.866667,1610.233333,1638.633333,2227.933333,4246.033333,4236.866667,4127.766667,4228.4,3530.033333,2943.566667,2374,2090.533333,2336.066667,2305.233333,2212.433333,2098.9,1973.666667,1895.366667,1952.233333,1914.933333,2092.133333,1910.6,1903.266667,1859,1727.466667,1744.4,1731.966667,2932.633333,3852.733333,4545.133333,4257.7,3543.666667,3039.733333,3008.266667,2519.866667,2198.033333,2025.1,1834.866667,1699.9,1631,1675.1,1533.666667,1825.666667,1977.9,1860.933333,1701.6,1592,1530.9,1621.5,1513.766667,1546.7,3244.6,4976.8,4555.933333,4022,2958.033333,2476.933333,2237.233333,1990.466667,1835.766667,1746.366667,1852.9,1653.3,1729.933333,1848.633333,2157.8,2115.4,2281.466667,2254.1,2078.733333,1800.3,1656.5,1621.433333,1684.6,1856.066667,3977.933333,4256.466667,3872.5,3331.133333,2619.3,2660.2,2319.4,2032.466667,1765.866667,1627.633333,1531.433333,1397.866667,1382.966667,1576.833333,1694.3,2039.566667,2030.533333,2119.733333,1854.7,1693.233333,1666.066667,1732.933333,3152.3,4459.4,4557.4,4010.066667,3575.866667,3315.633333,2524.5,2292.066667,2082.666667,1955.433333,2053.633333,1931.833333,1952.966667,2094.433333,2337.266667,2489.766667,2509.233333,2441.566667,2198.9,2028.4,2057.066667,2251.566667,2198.5,2615.566667,3521.2,4290.833333,4040.133333,3559.066667,2821.5,2698.066667,2303.733333,1840.433333,1966.5,1803.4,1766.1,1644.3,1721.566667,1648.133333,1571.3,1618.7,1552.7,1520.233333,1552.666667,1545.433333,1641.4,2354.033333,3448.666667,4789.833333,4424.866667,4752.8,3479.433333,3184.8,2770.766667,2471.033333,2071.266667,1923.433333,1835.8,1857.6,1639.3,1569.566667,1931.233333,1872.033333,1942.9,1835.6,1725.933333,1672.733333,1688.3,1682.866667,1919.6,3774.5,5063.6,5013.5,4502,4374.766667,3498.266667,2845.033333,2503.2,2263.066667,2040.066667,1958.1,1914,1938.533333,1891.2,1992.866667,2031.966667,1981.333333,1823.233333,1719.333333,1685.866667,1683.466667,2239.233333,2589.433333,4839.033333,4778.866667,4540.6,4455.833333,4000.233333,3594.2,2804.033333,2442.7,2213.6,2052.433333,1831.8,1815.033333,1826.566667,1751.2,1775.533333,1543.966667,1575.2,1769.7,1660.366667,1631.5,1762.233333,1880.566667,3176.766667,3915.866667,4257.833333,4462.333333,4430.233333,3410.7,2967.233333,2988.033333,2948.066667,2629.233333,2253.5,1995.8,2000.866667,1820.233333,1883.166667,2101.6,2201.433333,2212.2,2337.133333,2119.9,2022.633333,1929.7,1995.333333,1915.733333,2639.866667,5567.766667,4911.733333,4899.833333,4432.766667,3445.633333,2812.766667,2551.7,2236.566667,2067.4,1824.533333,1856.566667,1842.866667,1461.333333,1456.033333,1383.1,1489.066667,1532.233333,1604.233333,1669.633333,1570.066667,1671.766667,2016.366667,3930.833333,3826.366667,4315.566667,3095.8,2491,2246.666667,1877.533333,1784.3,1627.666667,1574.366667,1549.366667,1605.966667,1730.4,1727.933333,1743.166667,1764.5,1665.233333,1641.366667,1570.666667,1525.3,1526.033333,1642.4,1888.166667,2733,4341.233333,3918.333333,4121.333333,3106.3,2443.266667,2095.5,1917.233333,1706.5,1729.5,1605.466667,1545.6,1499.333333,1459.866667,1426.533333,1467.033333,1447.733333,1490.866667,1451,1544.7,1568.2,1533,1612.466667,2265.133333,4930.566667,4745.033333,4561.366667,4190.166667,3259.666667,2918.666667,2489.866667,2306.233333,2132.3,2112.466667,2032.466667,1929.066667,1883.133333,2080,1832.933333,1906.666667,1864.866667,1712.3,1623.866667,1625.533333,1791.233333,1918.733333,3826.7,4699.5,5215.466667,4692.433333,4457.433333,3392.1,2688.566667,2624.166667,2341.833333,2294.766667,2088.9,2101.3,1827.633333,1793.166667,1906.933333,2247.866667,2509.4,2513.9,2471.933333,2232.766667,2009.833333,1824.1,2386.266667,4794.6,5092.066667,4493.4,4229.333333,3978.533333,3247.933333,2350.2,2342.333333,2129.566667,1892.2,1825.766667,1619.7,1698.6,1632,1495,1600.733333,1990.9,1697.9,1637.333333,1498.266667,1571.566667,1749.633333,2306.5,3205.7,4559.366667,5118.333333,4616.666667,3491.566667,2607.5,2429.733333,2084.933333,1912.1,1779.6,1604.066667,1672.966667,1739.966667,1960.533333,2115.733333,2086.166667,1990.9,1736.133333,1559.633333,1612.833333,1615.3,1587.466667,2257.4,4311.6,4588.733333,4267.8,3787.366667,2965.3,2522.466667,2228.833333,2032.566667,1954.4,1723.533333,1663.766667,1741.366667,1707.633333,1795.666667,1701.3,1389.033333,1539.266667,1469.366667,1634.166667,1557.7,1622.366667,2433.933333,2958,4648.666667,4547,4129.966667,3644.866667,3375.333333,3753.733333,3364.3,2964.433333,2725.666667,2345.9,2112.533333,1990.6,1875.033333,2139.366667,1835.8,2173.233333,2182.9,2162.2,2027.466667,1971.1,1832.7,1804.033333,1862.6,2978.433333,3842.366667,4528.733333,4721.166667,4280.466667,3426.633333,2914.733333,2272.066667,2305.866667,2120.466667,1922.666667,2110.233333,2058.766667,1834.066667,2239.433333,2288,2734.233333,2502.9,2400.166667,2247.133333,2368.266667,2105.066667,3263.133333,3282.2,4638.366667,3611.666667,4084.866667,3028.666667,2467.366667,2107.3,1969.3,1834.533333,1643.866667,1623.466667,
