X,Y,18-feb.,5-mar.,21-mar.,6-abr.,22-abr.,8-may.,24-may.,9-jun.,25-jun.,11-jul.,27-jul.,12-ago.,28-ago.,13-sep.,29-sep.,15-oct.,31-oct.,16-nov.,2-dic.,18-dic.,1-ene.,16-ene.,2-feb.,18-feb.,6-mar.,22-mar.,7-abr.,23-abr.,9-may.,25-may.,10-jun.,26-jun.,12-jul.,28-jul.,13-ago.,29-ago.,14-sep.,30-sep.,16-oct.,1-nov.,17-nov.,3-dic.,19-dic.,1-ene.,16-ene.,2-feb.,18-feb.,6-mar.,22-mar.,7-abr.,23-abr.,9-may.,25-may.,10-jun.,26-jun.,12-jul.,28-jul.,13-ago.,29-ago.,14-sep.,30-sep.,16-oct.,1-nov.,17-nov.,3-dic.,19-dic.,1-ene.,16-ene.,2-feb.,18-feb.,6-mar.,22-mar.,7-abr.,23-abr.,9-may.,25-may.,10-jun.,26-jun.,12-jul.,28-jul.,13-ago.,29-ago.,14-sep.,30-sep.,16-oct.,1-nov.,17-nov.,3-dic.,19-dic.,1-ene.,17-ene.,2-feb.,18-feb.,5-mar.,21-mar.,6-abr.,22-abr.,8-may.,24-may.,9-jun.,25-jun.,11-jul.,27-jul.,12-ago.,28-ago.,13-sep.,29-sep.,15-oct.,31-oct.,16-nov.,2-dic.,18-dic.,1-ene.,16-ene.,2-feb.,18-feb.,6-mar.,22-mar.,7-abr.,23-abr.,9-may.,25-may.,10-jun.,26-jun.,12-jul.,28-jul.,13-ago.,29-ago.,14-sep.,30-sep.,16-oct.,1-nov.,17-nov.,3-dic.,19-dic.,1-ene.,16-ene.,2-feb.,18-feb.,6-mar.,22-mar.,7-abr.,23-abr.,9-may.,25-may.,10-jun.,26-jun.,12-jul.,28-jul.,13-ago.,29-ago.,14-sep.,30-sep.,16-oct.,1-nov.,17-nov.,3-dic.,19-dic.,1-ene.,16-ene.,2-feb.,18-feb.,6-mar.,22-mar.,7-abr.,23-abr.,9-may.,25-may.,10-jun.,26-jun.,12-jul.,28-jul.,13-ago.,29-ago.,14-sep.,30-sep.,16-oct.,1-nov.,17-nov.,3-dic.,19-dic.,1-ene.,17-ene.,2-feb.,18-feb.,5-mar.,21-mar.,6-abr.,22-abr.,8-may.,24-may.,9-jun.,25-jun.,11-jul.,27-jul.,12-ago.,28-ago.,13-sep.,29-sep.,15-oct.,31-oct.,16-nov.,2-dic.,18-dic.,1-ene.,16-ene.,2-feb.,18-feb.,6-mar.,22-mar.,7-abr.,23-abr.,9-may.,25-may.,10-jun.,26-jun.,12-jul.,28-jul.,13-ago.,29-ago.,14-sep.,30-sep.,16-oct.,1-nov.,17-nov.,3-dic.,19-dic.,1-ene.,16-ene.,2-feb.,18-feb.,6-mar.,22-mar.,7-abr.,23-abr.,9-may.,25-may.,10-jun.,26-jun.,12-jul.,28-jul.,13-ago.,29-ago.,14-sep.,30-sep.,16-oct.,1-nov.,17-nov.,3-dic.,19-dic.,1-ene.,16-ene.,2-feb.,18-feb.,6-mar.,22-mar.,7-abr.,23-abr.,9-may.,25-may.,10-jun.,26-jun.,12-jul.,28-jul.,13-ago.,29-ago.,14-sep.,30-sep.,16-oct.,1-nov.,17-nov.,3-dic.,19-dic.,1-ene.,17-ene.,2-feb.,18-feb.,5-mar.,21-mar.,6-abr.,22-abr.,8-may.,24-may.,9-jun.,25-jun.,11-jul.,27-jul.,12-ago.,28-ago.,13-sep.,29-sep.,15-oct.,31-oct.,16-nov.,2-dic.,18-dic.,1-ene.,16-ene.,2-feb.,18-feb.,6-mar.,22-mar.,7-abr.,23-abr.,9-may.,25-may.,10-jun.,26-jun.,12-jul.,28-jul.,13-ago.,29-ago.,14-sep.,30-sep.,16-oct.,1-nov.,17-nov.,3-dic.,19-dic.,1-ene.,16-ene.,2-feb.,18-feb.,6-mar.,22-mar.,7-abr.,23-abr.,9-may.,25-may.,10-jun.,26-jun.,12-jul.,28-jul.,13-ago.,29-ago.,14-sep.,30-sep.,16-oct.,1-nov.,17-nov.,3-dic.,19-dic.,1-ene.,16-ene.,2-feb.,18-feb.,6-mar.,22-mar.,7-abr.,23-abr.,9-may.,25-may.,10-jun.,26-jun.,12-jul.,28-jul.,13-ago.,29-ago.,14-sep.,30-sep.,16-oct.,1-nov.,17-nov.,3-dic.,19-dic.,1-ene.,17-ene.,2-feb.,18-feb.,5-mar.,21-mar.,6-abr.,22-abr.,8-may.,24-may.,9-jun.,25-jun.,11-jul.,27-jul.,12-ago.,28-ago.,13-sep.,29-sep.,15-oct.,31-oct.,16-nov.,2-dic.,18-dic.,1-ene.,16-ene.,2-feb.,18-feb.,6-mar.,22-mar.,7-abr.,23-abr.,9-may.,25-may.,10-jun.,26-jun.,12-jul.,28-jul.,13-ago.,29-ago.,14-sep.,30-sep.,16-oct.,1-nov.,17-nov.,3-dic.,19-dic.,1-ene.,16-ene.,2-feb.,18-feb.,6-mar.,22-mar.,7-abr.,23-abr.,9-may.,25-may.,10-jun.,26-jun.,12-jul.,28-jul.,13-ago.,29-ago.,14-sep.,30-sep.,16-oct.,1-nov.,17-nov.,3-dic.,19-dic.,1-ene.,16-ene.,2-feb.,18-feb.,6-mar.,22-mar.,7-abr.,23-abr.,9-may.,25-may.,10-jun.,26-jun.,12-jul.,28-jul.,13-ago.,29-ago.,14-sep.,30-sep.,16-oct.,1-nov.,17-nov.,3-dic.,19-dic.,1-ene.,17-ene.,2-feb.,18-feb.,5-mar.,21-mar.,6-abr.,22-abr.,8-may.,24-may.,9-jun.,25-jun.,11-jul.,27-jul.,12-ago.,28-ago.,13-sep.,29-sep.,15-oct.,31-oct.,16-nov.,2-dic.,18-dic.,01-ene.
674314.373,3263482.185,2449,2804,2489,2293,2098,2028,1930,2505,4645,5409,4822,5123,4097,3808,3721,3921,5053,4841,4730,4798,3944,3745,3916,4369,3150,2761,2965,2467,2699,2425,2343,4539,5290,6071,4834,5269,4390,4611,3857,3610,3271,3325,3123,2855,2862,2807,2865,2959,2818,2384,2280,2282,2204,2168,2223,4095,6176,6022,5918,4653,3841,3932,3545,3354,3834,3586,3322,3473,3194,3212,2814,3357,3347,2880,2439,2527,2519,2301,2509,5304,5311,4401,4060,3438,3407,3291,3114,3061,2983,2849,2683,2577,2466,2361,2817,2744,2668,2560,2214,2148,2122,3135,4901,5290,4535,4398,4875,3675,3782,4234,4118,4015,3676,4661,4383,4174,3898,4362,3676,3496,3247,3557,3321,3190,3276,3789,5592,6076,5150,4651,3792,3473,3354,3250,3416,2927,3009,2745,2744,2479,2228,2125,2133,1995,2352,2261,2668,4471,4896,5127,6192,5057,5689,5075,4800,3645,3704,3586,3300,2884,3095,3173,2983,2964,2642,2598,2298,2136,2324,2367,5163,6244,6481,6093,5912,5520,4690,4162,3655,4253,4128,3845,3640,4018,3342,2981,3189,3118,2729,2518,2619,2480,2636,5613,6361,6283,6532,5722,5044,3826,3580,3624,3433,3590,3388,2919,2695,2719,2566,2410,2272,2175,2239,2505,2797,5740,6341,6373,6229,5849,4338,5275,5692,5589,5370,5053,4579,4911,4058,4499,3697,3740,3898,3486,3420,3303,2774,2694,2790,4426,6997,7232,5849,6346,6071,4528,4242,3896,3691,3750,3616,3136,2766,2613,2389,2333,2475,2347,2169,2281,2268,2404,3890,5829,6719,5316,4406,3913,3680,3583,3634,3636,3613,3628,3334,3271,3022,2828,2913,2795,2365,2443,2336,2289,2652,4313,6269,6308,6164,5454,4131,4364,4259,3601,3372,3641,3338,3266,2611,2515,2411,2367,2191,2353,2350,2180,2292,2521,3301,6488,6406,6886,5938,4886,4772,3826,3894,3833,3818,3596,3456,3157,3081,3293,3096,2583,2493,2375,2379,2392,3583,5545,6808,6633,6764,6891,5369,4964,4760,5012,4122,4524,4294,3852,3802,4055,4079,3999,4688,4205,3629,2929,3032,3928,6667,6929,6274,6015,6456,5571,4820,4391,4585,4156,3861,3414,3291,3030,2643,2980,2934,2779,2778,2553,2499,2806,4546,4999,6384,6850,6005,6053,4762,3830,3402,3280,3330,3514,4169,3964,3469,3340,3516,2934,2780,2791,2484,2486,2522,2742,6047,6996,6047,5420,4785,3997,3810,3642,3177,3494,3205,3366,3259,3065,2784,2745,2287,2386,2409,2231,2134,2310,3238,5756,5722,6678,6629,5793,5943,6318,6053,5489,5192,4587,4367,3877,3876,3595,3647,4275,4089,3887,3302,3298,2680,2741,3224,7192,6806,6541,6594,6513,5778,5709,5709,5471,5520,4944,4412,4601,4134,4357,4373,4476,4077,3115,3317,3407,3251,3912,5562,5895,5960,5690,4563,4117,3775,3631,3692,3726,3576
681363.441,3257093.968,1744,2239,1888,1819,1717,1784,2005,2570,4675,4964,5308,4692,3882,3052,2976,3311,3918,4130,4129,4189,3616,4011,3315,4429,3154,2416,2449,2128,2130,2078,2221,3577,3747,5767,4472,4273,3639,4311,3482,3728,3351,2978,2949,2760,2346,2493,2458,2641,2330,2187,2030,1920,1828,1997,1990,2792,4779,5545,6208,4033,3665,3083,2849,2676,2703,3248,2402,2658,2659,2845,2776,2706,2529,2030,2119,1887,1823,1853,2011,5192,4669,3738,3998,2978,3929,3864,3747,3607,2973,2496,2536,2098,2086,2040,2558,2454,2259,1971,1782,1718,1856,3228,4295,5490,3944,4481,4329,3117,3368,3944,3969,3508,3298,3755,3629,4046,3640,3572,3089,2690,2792,2714,2695,2527,2476,3958,5091,6218,4952,4337,3884,3254,3396,3032,2858,2591,2507,2758,2300,2083,1955,1855,1796,1849,2000,1855,2431,2979,4369,5466,6337,4868,4857,4202,4668,3318,3413,3105,2947,2646,2693,2997,2603,2312,2250,1952,1938,1921,2091,2330,5260,6229,5828,6454,6322,5108,4198,4224,3816,4051,3320,3297,3180,3027,2958,2832,2737,2314,2228,2210,2167,2628,2707,5839,6253,7582,7130,5877,5040,4127,3623,3551,3069,3380,2890,2751,2814,2488,2260,2178,2002,2001,2005,2063,2040,3588,5587,5974,6409,6507,5102,4606,5490,5401,5376,4947,4460,4122,3755,3568,3570,3666,3476,3223,3105,2577,2674,2723,2445,3343,6384,6926,6710,6446,6588,5368,4562,3788,3812,3508,3376,3308,2595,2546,2307,2228,2184,2327,2170,2122,2098,2377,2400,4065,6002,5258,4832,3577,3366,2972,3274,3661,3287,3324,3126,3004,3052,2802,2604,2474,2171,2156,2074,2123,2504,2297,5475,5836,6139,5410,4296,3753,3912,3196,3041,3497,2906,2916,2598,2273,2345,2088,2017,2234,2003,1984,2028,2332,3540,6375,5364,6010,5526,4391,4195,3840,3523,3640,3767,3512,3378,2947,2907,2788,2821,2623,2201,2251,2121,2083,2402,3960,6239,5648,4834,5200,3862,3593,4140,4122,3804,3713,3650,3062,3079,3239,3836,3805,3367,3329,2820,2305,2419,2733,5769,5599,4856,5186,5879,5344,4376,3810,3940,3976,4023,3333,3388,2863,2433,2420,2412,2178,2073,1951,2083,2274,4265,5147,6341,6506,5855,5708,4412,3475,3229,2774,2766,3067,3407,3629,3012,3009,2954,2412,2465,2140,2073,2009,2096,2809,4956,6274,6162,5908,5457,4326,3776,3866,3235,3158,3321,3349,3216,2893,2721,2614,2554,2172,2390,2065,2032,3253,3733,5868,6000,6663,5644,5138,5408,5670,5159,4573,4339,4076,3487,3782,3353,3003,3448,3736,3399,2717,2602,2646,2603,2406,3198,5422,4653,5399,5840,5943,5649,5317,5139,5304,5441,4840,5368,4979,4969,4997,5217,4786,4317,3334,3406,3594,4904,5602,5810,5675,6300,5534,4608,4179,3982,3689,3758,3588,3535
681363.441,3256873.684,2044,2461,2282,2035,2060,1808,2094,2841,5341,5634,5909,5452,4691,3817,3454,3899,4269,4755,4899,4820,4025,3909,4000,4656,3827,2714,2571,2220,2292,2160,2399,4309,4479,6348,5374,4821,4338,4596,3971,3550,3772,3506,2924,2603,2534,2720,2606,2591,2510,2467,2123,2057,2098,1888,2032,2733,6202,5731,6198,4687,3942,3650,2865,2736,2706,3435,2814,2608,2569,3066,2810,2663,2811,2292,2168,1914,2090,1827,2342,6073,5445,4547,4646,3234,4915,4227,4453,3588,3651,2719,2649,2147,2305,2391,2626,2996,2486,2300,2045,1946,1950,3473,4667,6270,4476,5123,4730,3448,4094,4785,4411,4010,3640,4249,4009,3963,4171,3601,3383,3155,2692,2671,2849,2586,2833,4589,5181,7065,5768,4400,4329,3704,3625,3182,3141,2791,2889,2665,2366,2072,2014,2165,2017,1991,2174,2146,2806,3254,5220,5686,6644,5725,4727,5028,4840,4107,4014,3093,3142,2878,2575,2665,3075,2583,2430,2252,2014,1892,2132,2442,6065,6026,6050,7028,7308,5356,4102,4277,3751,3997,3824,3185,3680,3600,3487,3030,2906,2703,2371,2326,2413,2567,2933,6164,7016,7393,6977,6268,4899,4439,3835,3593,3515,3619,2912,2856,2932,2816,2270,2180,2428,2241,2313,2302,2354,4249,6594,6504,7185,6385,5908,5184,6195,6066,6012,5380,5056,4039,4507,4171,3920,4081,4261,3619,3053,2975,2717,2390,2777,3341,8068,7624,7089,6329,7211,5296,5092,4205,4041,4111,3678,3351,2855,2445,2254,2324,2366,2081,2282,2443,2028,2383,2647,3936,6390,5888,4808,4018,3330,3395,3198,3516,3400,3221,3375,3360,3278,2995,2615,2396,2259,2370,2291,2173,2414,2535,6111,5778,6382,4862,4532,3696,3575,3453,3132,3479,3209,3182,2764,2505,2533,2142,2074,1912,2147,1962,2169,2128,3315,6630,5641,6831,6047,5124,4666,3946,3720,4312,3959,3825,3811,3244,3121,2943,2673,2507,2301,2304,2095,2290,2171,4546,6167,5967,5525,5496,4344,3321,4433,4560,3676,4011,3483,3530,3134,3325,3949,3784,3693,3825,2819,2448,2503,2747,6042,6277,5499,4973,6038,5480,3953,3983,4218,4258,4185,3667,3278,3054,2806,2430,2945,2408,2314,1971,1979,2387,4506,5842,7262,7325,6289,6669,4678,3855,3381,3125,3135,3115,3068,3420,3496,3376,2947,2945,2364,2111,2138,1936,2309,2937,4826,6208,6895,6365,6226,4667,3789,4022,3292,3585,3305,3666,3746,3066,2976,2608,2399,2580,1969,2307,2490,3583,3845,6233,6576,6864,7076,6126,5735,5930,6081,4921,5039,4583,3959,4045,3819,3141,3450,3740,4072,3230,2918,2626,2709,2768,2952,5640,5091,5308,6258,5930,5471,5674,5427,5747,5305,5012,4755,4601,4617,4683,5180,4681,4284,3268,3372,3752,4758,5725,5624,5941,6180,5596,4514,3928,3789,3499,3690,3605,3547
681583.724,3256873.684,2283,2063,2341,2020,2085,1826,1851,2615,5144,5493,5646,5619,4589,3922,2748,3816,4442,4190,5183,5018,4391,3784,3555,4608,3684,2936,2835,2396,2555,2064,2315,4405,4624,6481,6127,4163,3899,5071,4172,3976,3090,3320,2923,2869,2604,2436,2568,2717,2619,2167,2090,2059,2125,1761,2110,2722,6692,6162,7234,4172,3300,3179,3156,2864,2924,3462,2938,2755,2797,3370,2768,2928,2896,2565,2036,2054,1825,2018,2242,5537,5751,4533,4040,3630,4705,4834,4076,3067,3357,2991,2280,2279,2191,2073,2324,2630,2605,2290,1782,1718,1713,3533,4560,5961,4808,5512,4506,3754,4297,4311,4142,4155,4093,4194,4181,4080,4035,3629,3645,3132,2416,2568,2904,2607,2360,4764,5886,6604,4987,4471,4024,3948,3242,2929,3098,2933,2701,2461,2262,2057,2100,2152,2157,2037,2198,2246,3055,3264,5033,5780,6989,5958,5124,5061,4873,4185,3815,3456,3098,2940,2930,2747,2602,2303,2393,2179,2128,2028,2122,2455,5286,5961,5756,7463,7378,5315,4253,4496,3643,3530,3946,3087,3087,3624,3442,3110,2817,2824,2436,2499,2343,2574,3279,5945,6705,7384,7133,6364,4724,3916,3571,3800,3656,3143,3028,2773,2605,2655,2483,2382,2223,2487,1916,2048,2046,4201,6535,6720,6958,6877,5942,4921,5223,5999,5839,5011,4645,4271,4316,3580,3647,3798,4157,3656,3051,2815,2509,2591,2825,3720,7825,7511,7581,6600,6769,5062,4286,4066,3573,3472,3378,3102,2610,2753,2416,2347,2337,2378,2137,2379,2257,2466,2817,4291,6081,5588,4816,4242,3134,3378,3109,3223,3456,3180,3613,3005,3610,2860,2625,2398,2317,2155,2303,2305,2048,2249,6321,6264,5972,4990,4168,3571,3643,3503,3157,3249,3121,2892,2592,2501,2342,2228,2271,2068,2069,2042,2138,2171,3757,6280,5379,6759,6134,5099,4228,3891,3720,3523,3883,3876,3398,3026,3129,2901,2594,2384,2374,2424,2116,2073,2320,4674,6415,6190,5026,5109,4285,3170,4213,4576,3534,4011,3448,3093,2963,3531,4017,4056,3728,3863,2817,2589,2491,2808,5752,6791,5754,5302,5736,5247,4112,3939,4403,3969,3753,3403,3484,2741,2416,2692,2848,2208,2305,2205,1902,2386,4468,5484,7527,7444,6188,6208,4330,3979,3227,3203,3347,2692,3315,3127,3396,3445,2769,2848,2330,2319,2222,2006,2317,2472,5203,6353,7175,6134,5465,4421,3513,3688,3032,3384,3505,3795,3532,3003,2996,2684,2457,2483,2021,2418,2205,4084,3917,5947,6674,6647,6371,5223,5814,6191,5161,4696,4115,4240,3737,3675,3813,3138,3111,3975,3604,3909,3018,2676,2475,2613,3335,5609,5188,5138,6239,6387,5801,5295,5471,5547,5377,4499,4755,4601,4617,4683,5180,4681,4284,3268,3372,3752,4758,5725,5624,5941,6180,5596,4514,3928,3789,3499,3690,3605,3547
681363.441,3256653.401,2516,2855,2730,2514,2310,2226,2290,3111,5784,6028,6018,5888,5057,3661,3856,4511,4981,5220,5360,4977,4665,4640,4064,4751,4356,3188,2945,2554,2713,2585,2688,4771,5467,6487,6154,5120,4697,5344,4680,4392,3851,4195,3669,3370,3079,3243,3092,3025,2952,2747,2400,2344,2373,2082,2435,3492,7114,6537,6550,4943,4232,4256,3711,3309,3400,3546,3512,3231,2915,3450,3418,2989,3134,2719,2422,2215,2430,2201,2635,6508,6043,5467,4954,4076,5271,5204,5319,4361,4379,3607,3463,2936,2982,2636,2730,3000,2998,2291,2354,2274,2248,4619,5982,6449,5401,5788,5605,4456,5000,4921,5156,4840,4549,4265,4740,4763,4296,4050,3717,3478,2831,3093,3472,3113,3347,4548,6224,7120,6000,5340,5197,4656,4617,3457,4154,3553,3841,2958,2979,2551,2571,2268,2448,2421,2592,2513,3310,4121,6128,6535,7187,6408,5892,5598,5388,4938,4672,4102,4009,3792,3600,3169,3681,3012,2823,2288,2314,2275,2707,2968,7055,7139,7065,7833,7783,6602,5346,5315,4867,4970,4742,4031,3974,4478,4370,3655,3366,3095,2878,2905,2839,2997,3539,6916,7673,8069,7884,7221,5860,4655,4625,4402,3999,4273,3710,3355,3289,3539,2776,2801,2485,2703,2505,2939,2738,4969,7294,7407,7858,7410,6405,5908,6303,6522,6314,5595,5295,4770,5007,4595,4599,4776,4560,4296,3663,3026,2988,2853,3143,3972,8145,8118,7625,7185,7308,6159,5289,4850,4233,4195,4107,4065,3264,2938,2732,2754,2728,2467,2556,2485,2410,2789,3031,3957,6006,6270,5627,4567,3802,3778,3662,3733,3758,3777,3837,3687,3656,3369,3016,2653,2622,2583,2476,2513,2805,2581,6632,6558,6670,5684,4710,4294,4104,3973,3575,3593,3277,3484,3107,2957,2747,2474,2433,2175,2175,2191,2186,2498,3954,6818,6391,7371,6990,5548,4798,4468,4309,4375,4478,4247,3957,3717,3527,3370,3093,2682,2720,2599,2498,2607,2553,5046,6866,6793,5610,6343,4829,3693,4570,4775,3666,4370,4317,3620,3719,3838,4460,4304,4227,4133,3345,2993,2991,3478,6722,7045,5824,5875,7013,6290,4895,4991,5049,5002,4796,4475,4049,3874,3268,3035,3248,2821,2621,2436,2370,2940,5634,6395,7503,7872,7202,6741,5309,4950,4423,4162,4057,3786,4010,4178,4313,4300,3634,3248,2899,2669,2764,2493,2673,3319,6342,7504,7476,6919,6505,5550,4494,4418,4084,4104,4157,4194,4196,3853,3553,3294,2900,2894,2492,2802,2563,4339,4399,7059,7133,7467,7317,6341,6242,6761,6221,5907,5097,5510,5117,4737,4451,4099,4288,4318,4187,3422,3370,3061,3085,2802,3685,6568,5677,5839,7017,6666,6264,5586,6028,5884,6031,5126,4755,4601,4617,4683,5180,4681,4284,3268,3372,3752,4758,5725,5624,5941,6180,5596,4514,3928,3789,3499,3690,3605,3547
682024.291,3256653.401,2260,2468,2418,2317,2127,2124,2375,3361,6328,5122,6158,5537,4498,3898,3367,4436,5431,5805,5679,5358,4710,4694,4308,3979,3904,2811,2592,2393,2484,2246,2464,5333,5557,6717,6406,5152,4297,5389,4413,3998,3472,3467,3629,2978,3085,2850,3201,3375,2851,2802,2272,2161,2205,2221,2292,3591,7065,6358,6901,4813,3843,3825,3532,3151,3305,3558,3021,3380,3410,3693,3726,3406,3010,2545,2250,2181,2323,2280,2419,6973,6588,5410,5201,4036,5065,5341,4901,4030,3564,3286,2928,2735,2610,2645,2701,3077,2952,2487,2304,2218,2260,4612,6112,7233,5572,6171,6092,4319,4854,4908,4801,4612,4621,4741,4673,5066,4953,4827,4051,3331,3035,3171,3696,3348,3154,5180,6833,7564,6635,5651,4885,4245,4195,3664,3652,3359,3220,3108,2908,2633,2563,2450,2360,2378,2481,2472,3726,4056,6598,7180,7458,6250,5923,5288,5109,3982,3889,4172,3642,3522,3376,3427,3500,2974,2652,2432,2339,2328,2346,3239,7388,7681,7401,8072,8055,6170,4633,4295,4135,4192,3897,3770,3847,4075,3927,3419,3113,2830,2718,2583,2559,3492,3908,7126,7905,8468,8537,7426,5800,4405,4448,3850,3844,3781,3628,3394,3307,3222,2923,2819,2784,2614,2643,2842,3018,5041,7294,7650,8078,8087,6910,5643,6386,6623,6355,5401,4888,4612,4521,4322,4225,4621,4630,3973,3632,3004,2888,2780,2896,3910,8456,8610,8102,7788,7253,5643,4761,4048,3836,3995,3783,3800,3093,3015,2798,2698,2620,2569,2517,2540,2438,3002,3034,4446,6863,5903,5542,4168,3490,3231,3634,3829,4120,4046,4066,3842,3520,3009,2775,2576,2493,2420,2247,2436,2386,2503,6643,6651,6902,5656,4532,4052,3829,3493,3545,3711,3350,3253,2709,2655,2546,2384,2244,2138,2228,2150,2313,2767,4667,7061,6059,6532,6580,4907,4647,4264,4244,4227,4278,3991,3937,3314,3188,2878,2940,2716,2401,2313,2275,2459,2396,5249,7009,6526,5571,5739,4283,3637,4978,5246,4630,4426,4232,3545,3535,3729,4420,4238,3705,3523,2968,2623,2417,3158,6610,6822,5778,5789,6523,5794,4321,4102,4600,4354,3903,3436,3398,3151,2665,2461,2821,2231,2161,2095,2235,2526,5907,6467,7645,7557,6642,6469,4704,4112,3494,3215,3134,3229,3389,3942,3678,3650,3285,2821,2679,2354,2399,2256,2189,2978,5648,7336,7276,6600,6129,4981,4315,3768,3455,3485,4172,4171,3662,3356,3168,2749,2751,2457,2319,2406,2322,4269,4091,6809,7084,7720,6903,6159,6103,6289,5897,5288,4619,4498,4160,3448,3845,3327,3753,3939,3535,3723,2950,2787,2747,2556,3936,6683,5100,5774,6637,6596,5978,5463,5552,5838,5876,5068,4912,4914,4745,4734,5162,4564,4238,3264,3234,3661,5125,6069,5954,5755,6326,5490,4337,3785,3685,3467,3552,3502,3538
682244.574,3256653.401,2140,2388,2379,2228,2093,1954,2215,3255,6290,4976,5788,5310,4317,3712,3249,4439,5272,5823,5587,5213,4512,4479,4087,3518,3670,2637,2501,2283,2399,2136,2371,5026,5124,6682,6040,4756,4059,5223,4285,3745,3270,3311,3269,2891,2737,2869,3062,3264,2756,2655,2219,2083,2126,2047,2215,3332,7034,5919,6822,4732,3672,3825,3283,2989,2990,3346,2971,3394,3424,3542,3464,3277,2890,2484,2159,2111,2210,2180,2309,6961,6494,5224,4994,3868,4916,5197,4739,3813,3424,3047,2853,2778,2490,2644,2703,2917,2841,2394,2219,2137,2164,4198,5925,7091,5554,6293,5830,4098,4855,4818,4657,4549,4435,4675,4589,4908,4906,4603,3866,3188,2777,2743,3545,3163,3134,5207,6639,7556,6549,5407,4765,4121,3768,3716,3427,3214,3181,2968,2716,2573,2530,2437,2399,2313,2467,2409,3550,3973,6635,7171,7603,6250,5715,5217,5081,3989,3815,3643,3220,3272,3055,3365,3419,2944,2574,2370,2270,2190,2344,3263,7403,7445,7145,8171,7830,5872,4541,4153,4108,4077,3829,3832,3895,4056,3854,3344,2961,2672,2478,2505,2471,3384,4016,7006,7947,8543,8397,7056,5742,4250,4017,3961,3841,3740,3429,3352,3155,3092,2752,2750,2674,2630,2571,2720,2902,4744,7335,7682,8000,7812,6740,5614,6362,6554,6142,5383,4821,4478,4358,4311,4374,4634,4441,3850,3277,2848,2725,2618,2795,3594,8522,8545,8098,7696,7280,5452,4688,3682,3626,3905,3673,3709,3085,2905,2732,2641,2603,2497,2474,2457,2375,2889,2998,4541,6895,5670,5371,4052,3367,3180,3532,4025,4235,3948,3962,3822,3434,2956,2687,2448,2337,2365,2216,2314,2299,2409,6635,6521,6714,5585,4445,4039,3850,3599,3442,3688,3450,3363,2771,2635,2584,2368,2222,2105,2247,2140,2382,2899,4708,6929,5798,6433,6303,4765,4518,4071,4010,4180,4206,4034,3815,3252,3098,2930,2770,2526,2315,2282,2249,2353,2357,5069,6677,6498,5472,5458,4231,3421,5057,5261,4731,4489,4120,3576,3290,3591,4123,4142,3564,3471,2677,2395,2342,2857,6144,6487,5413,5477,6148,5775,4214,4097,4448,4270,3684,3239,3112,2774,2514,2620,2676,2274,2150,1976,1957,2368,5884,6234,7460,7371,6502,6435,4496,3879,3284,3117,3086,3335,3284,3541,3569,3492,3046,2676,2494,2182,2214,1981,2065,2735,5661,7038,7151,6469,6088,4786,4204,3582,3268,3412,3869,3876,3533,3100,2902,2611,2619,2400,2253,2197,2170,3944,3970,6416,6846,7494,6854,6062,6081,6117,5662,4963,4562,4287,3686,3437,3264,3118,3414,3566,3418,3524,2774,2615,2529,2394,3528,6185,4956,5643,6416,6398,5905,5241,5346,5716,5695,4679,4912,4914,4745,4734,5162,4564,4238,3264,3234,3661,5125,6069,5954,5755,6326,5490,4337,3785,3685,3467,3552,3502,3538
682464.857,3256653.401,2100,2318,2395,2203,2084,1935,2216,3149,6169,4995,5560,5291,4282,3591,3307,4427,5210,5559,5440,5173,4424,4353,3898,3468,3655,2570,2449,2245,2346,2115,2378,4924,4934,6575,5738,4566,3996,5087,4233,3666,3205,3392,3172,2782,2686,2677,3026,3129,2684,2568,2209,2051,2135,1952,2231,3340,5898,5769,6731,4711,3656,3799,3181,2874,2858,3201,3094,3314,3288,3412,3282,3138,2776,2404,2154,2049,2184,2095,2274,6734,6249,5162,4795,3775,4837,5053,4617,3682,3487,3005,2881,2757,2380,2530,2642,2996,2751,2278,2175,2038,2128,4069,5903,6815,5346,6101,5598,4015,4670,4684,4607,4555,4419,4703,4644,4827,4829,4323,3787,3236,2653,2639,3427,3015,3115,5091,6500,7311,6302,5263,4751,4148,3585,3636,3525,3137,3104,2883,2651,2471,2446,2330,2350,2252,2427,2343,3503,3935,6494,7139,7458,6067,5528,5062,4957,3966,3816,3486,3185,3109,3044,3241,3335,2817,2510,2356,2217,2113,2292,3125,7296,7230,6941,8011,7383,5795,4465,4223,4002,3843,3962,3947,3998,4078,3704,3309,2950,2590,2481,2472,2393,3341,4052,6838,7756,8483,7823,7051,5574,4340,4018,3964,3773,3683,3355,3307,3163,3105,2654,2626,2504,2583,2507,2678,2768,4520,7114,7543,7740,7384,6435,5609,6106,6273,5759,5385,4725,4434,4171,4216,4417,4538,4198,3772,3189,2830,2703,2561,2771,3541,8535,8290,7928,7343,7119,5435,4715,3710,3693,3898,3742,3627,3124,2916,2705,2644,2601,2457,2463,2463,2362,2797,3075,4399,6597,5564,5051,3966,3417,3264,3423,3964,4208,3971,3887,3719,3419,2923,2637,2397,2312,2346,2238,2262,2326,2492,6497,6502,6637,5591,4523,4075,3914,3640,3464,3737,3406,3418,2793,2754,2624,2354,2273,2087,2318,2237,2456,3104,4548,6707,5842,6426,6039,4594,4333,3934,3912,4115,4164,3926,3735,3326,3142,2971,2741,2391,2323,2284,2334,2310,2415,5015,6608,6393,5460,5459,4202,3304,5002,5048,4763,4512,4067,3692,3291,3524,3971,4027,3438,3511,2722,2344,2359,2698,6106,6399,5276,5316,6102,5705,4257,4179,4464,4293,3758,3404,3106,2767,2622,2632,2603,2298,2166,2013,1904,2431,5624,6216,7303,7301,6478,6237,4719,3868,3498,3049,3197,3217,3299,3391,3623,3545,2994,2603,2433,2180,2119,2092,2238,2962,5465,6923,7118,6390,5992,4866,4155,3656,3339,3431,3663,3712,3608,3003,3091,2743,2567,2570,2279,2266,2386,3882,4252,6270,6732,7311,6797,6023,6086,6204,5681,4833,4546,4497,3550,3467,3207,3067,3341,3413,3470,3562,2732,2566,2565,2880,3351,5954,5224,5838,6327,6340,5840,5078,5259,5528,5710,4728,4912,4914,4745,4734,5162,4564,4238,3264,3234,3661,5125,6069,5954,5755,6326,5490,4337,3785,3685,3467,3552,3502,3538
682244.574,3256433.117,2215,2456,2505,2242,2322,1946,2319,3230,6092,5027,5647,5245,4626,3896,3602,4379,5101,5637,5440,5003,4666,4522,4173,3241,3675,2736,2576,2356,2446,2179,2420,4871,4952,6762,5999,4932,4217,5055,4301,4003,3408,3566,3796,3082,2931,3124,3057,3181,2771,2735,2315,2157,2233,2088,2275,3599,6737,6244,6438,4815,4017,4090,3541,3224,3296,3732,3233,3459,3417,3447,3455,3229,2975,2547,2234,2167,2325,2454,2455,6704,6288,5224,5071,4123,5063,5308,4772,3867,3751,3317,2924,2665,2596,2650,2715,2919,2730,2609,2346,2374,2260,4221,5847,6675,5313,5936,5914,4417,4728,4883,4834,4791,4659,4709,4852,4949,4893,4506,4039,3334,2816,2852,3393,3119,3242,5220,6766,7432,6093,5374,4940,4408,3907,3770,3619,3372,3235,3108,2774,2580,2441,2485,2403,2261,2530,2422,3201,3707,6333,6949,7116,6314,5990,5217,5164,4484,4202,3759,3642,3527,3413,3480,3714,2907,2661,2682,2309,2303,2379,3174,7001,7082,7070,7967,7340,6079,5140,4547,4733,4139,4256,4202,4164,4309,3791,3200,2876,2857,2472,2536,2529,3295,3907,5724,7561,8420,7771,7423,5846,4584,4190,4175,4036,3911,3677,3554,3303,3224,2967,2881,2927,2742,2685,2919,2901,4587,6472,7081,7704,7390,6592,5581,6372,6297,5808,5483,4844,4728,4580,4369,4498,4571,4229,3746,3269,3269,2845,2748,2980,3866,8244,8185,7912,7360,6768,5522,5021,4334,3838,4000,3849,3783,3164,2965,2800,2615,2671,2578,2502,2520,2439,2895,3084,4026,6427,5236,5141,4124,3591,3378,3571,3947,4110,3942,3911,3702,3387,3025,2723,2481,2392,2553,2378,2415,2438,2640,6434,6638,6670,5671,4528,4124,3927,3712,3578,3684,3603,3121,2775,2731,2619,2470,2391,2180,2385,2386,2542,3098,4675,6857,5961,6453,5970,4661,4566,4114,4031,4267,4416,4096,3881,3424,3244,3064,2830,2530,2557,2397,2771,2460,2484,4853,6565,6324,5567,5408,4287,3561,5044,5187,4734,4621,4376,3905,3380,3713,4254,4201,3592,3668,2853,2630,2524,2854,6316,6589,5562,5517,6181,5841,4550,4310,4721,4583,4224,3565,3429,2909,2911,3254,3198,2765,2377,2132,2000,2530,5596,6348,7384,7239,6480,6371,4642,4190,3512,3270,3330,3776,3404,3647,3723,3610,3073,3198,2554,2391,2409,2126,2458,2834,5599,7003,7179,6561,6180,5095,4734,4231,3671,3847,4139,4177,3958,3399,3266,2909,2913,3006,2698,2769,2604,4122,4306,6506,6739,7471,6813,6293,6909,6242,5764,5063,5012,4718,3676,4151,3592,3447,3500,3916,3556,4047,3062,2813,2891,2848,3921,6327,5418,5663,6490,6361,5974,5368,5489,5855,5897,5263,5271,5355,4671,4986,5123,4863,4613,3773,3911,4226,4448,5092,5226,5125,5614,5417,4803,4552,4563,4353,4874,4754,4486
681363.441,3251586.884,2371,2452,2334,2163,2015,1906,2020,2460,4680,4341,5266,4082,3767,3443,3255,3586,4112,3808,4160,4193,3700,3425,3126,4289,3120,2776,2643,2316,2436,2223,2362,3601,4140,5089,4577,4292,3847,4100,3782,3355,3299,3195,3206,2955,3851,2704,2922,2890,2782,2209,2134,1937,2004,1990,2131,3030,4978,4819,4922,3915,3442,3524,3029,2903,3003,3501,3113,2991,2564,2908,2798,2758,2518,2378,2237,2020,2080,1971,2129,4252,4176,3670,3713,3190,3930,3627,3519,3144,3198,2906,2720,2619,2214,2250,2343,2570,2289,2162,1848,1786,1979,3972,4657,4810,4424,4584,4025,3518,3754,3946,3986,3570,3475,3657,3348,3225,3352,3154,2915,2831,2756,2689,2968,2678,3215,4945,5312,5419,4543,3659,3752,3375,3175,3223,3056,2787,2616,2874,2474,2196,2213,2072,1905,1970,2061,1976,3005,3095,5172,5527,5949,5215,4556,4322,4370,3739,3541,3702,3213,2945,3087,3079,2732,2734,2450,2093,2116,2071,2260,2777,4515,5825,5285,5769,5950,4790,3916,3912,3611,4042,3611,3452,3387,3170,3131,2769,2661,2643,2288,2340,2189,2908,3283,5785,5785,6659,6268,5326,4615,3858,3847,3736,3601,3310,3406,3123,2906,2871,2609,2478,2279,2290,2115,2227,2268,4128,5683,5609,5735,5417,4614,4564,4873,5145,4700,4755,4584,4058,4192,3732,3369,3512,3523,3460,2963,2962,2744,2611,2747,3517,6242,6674,6145,5915,5862,5181,4507,4117,4179,4005,3662,3577,2879,2851,2479,2364,2393,2314,2247,2334,2229,2539,2846,3322,5179,4906,4473,4230,3602,3492,3388,3581,3562,3344,3212,3144,3016,2723,2510,2370,2273,2186,2167,2186,2188,2563,5302,5099,5420,5099,4099,3705,3805,3559,3281,3315,2929,2851,2763,2564,2417,2135,2100,2120,2034,2065,2137,2319,3120,5714,5264,5775,5596,4704,4374,4324,4060,4374,3967,3844,3600,3299,3350,2975,2710,2545,2504,2453,2164,2196,2410,4250,5870,6237,6015,5492,4897,4238,4609,4555,4531,4060,3933,3700,3331,3196,4385,3691,3760,3683,3098,2853,2682,3036,5973,5548,4815,4855,5846,4941,4595,4628,4683,4093,4211,3703,3746,2961,2732,2937,2839,2482,2510,2281,2229,2462,2900,3097,5711,5742,5914,5500,4398,4031,3792,3618,3642,3775,3738,3671,3392,3530,3331,2839,2547,2456,2400,2289,2361,2397,5362,6300,5893,5448,5794,5113,4376,4383,3806,4043,3936,3956,3730,3439,3370,3066,2865,2612,2354,2400,2420,2854,3520,5462,5977,5661,5917,5119,5343,5892,5504,4824,4841,4434,4162,3714,3611,3224,3414,3775,3522,2888,2926,3027,2815,2759,3445,5641,5367,5857,5988,6003,5601,4947,5289,4892,4964,4644,4501,4578,4104,4087,5087,4465,4179,3474,3555,3637,4139,4692,4399,4934,5485,5052,4237,3978,3920,3688,3797,3865,3718
681363.441,3250265.183,2442,2583,2399,2184,2000,2081,2259,1890,5181,5310,5236,4658,4136,3557,3183,3943,4859,4647,4035,4594,4081,3796,3054,3795,3213,2793,2670,2509,2404,2300,2521,3217,3825,6238,5238,4233,3835,4642,3878,3737,3699,3377,3571,2890,2980,3005,2791,2999,2827,2360,2209,2029,2065,2045,2223,3118,6112,6228,4991,3990,3673,3634,3248,3322,3091,2994,2984,3233,2752,2921,2770,2874,2650,2470,2176,2166,2172,2056,2069,5393,4266,4236,3922,3559,4199,3552,3900,3229,2891,2800,2590,2228,2316,2396,2426,2578,2304,2086,1998,2016,1973,3783,4977,4984,5194,4836,4182,3885,4209,4200,3899,3581,4058,3488,4055,3608,3392,3202,3222,3027,2769,2860,3137,2713,3278,5473,5764,5553,4667,4613,3796,3528,3657,3156,3101,2956,2574,2613,2367,2168,2232,1999,2033,1936,1950,2146,3214,3143,5100,6675,7166,6329,5510,5050,4428,3913,3601,3632,3151,3032,3109,2814,2795,2684,2457,2375,2334,2238,2339,2990,5786,5852,6650,6542,6347,5389,4257,4547,4088,3831,4025,3140,3134,3349,2905,2957,2913,2745,2659,2517,2449,3491,3657,6284,6835,7334,6555,6589,5011,4605,4023,3963,3611,3571,3459,2992,3008,3098,2613,2460,2565,2424,2246,2447,2556,4645,6183,6099,6413,6399,4598,4507,5096,5950,5347,5311,4761,4229,4177,3934,3780,3880,3791,3906,3651,3227,2882,2922,2794,3941,7020,7344,6743,7148,6017,5442,4699,4218,4052,4174,3688,3405,2785,2686,2437,2350,2420,2344,2304,2331,2207,2781,2883,3736,5552,5548,4969,4207,3523,3390,3492,3469,3429,3210,3650,3222,2801,2717,2716,2499,2417,2522,2275,2400,2370,2670,5610,5526,5723,5198,4215,3814,3689,3561,3331,3249,3155,3045,2554,2483,2362,2167,2207,2154,2269,2156,2234,2353,3168,5843,5685,5997,5608,4742,4716,4500,4584,4249,4187,3597,3659,3329,3118,2753,2763,2771,2593,2485,2460,2517,3076,4527,6195,6435,6310,6798,5243,4640,4898,4881,4530,4225,3933,3430,3057,3444,3706,4093,4033,3793,3269,3049,3061,3105,5871,6493,5682,5436,5855,5417,4930,5094,5116,4708,4137,3529,3212,2652,2565,2886,3052,2634,2574,2448,2323,2412,2914,3003,5378,5833,6038,5715,4449,3965,3825,3573,3538,3546,3647,3885,3593,3528,3478,3052,2847,2620,2426,2456,2619,2742,6302,6819,7210,6188,6545,5370,4682,4567,4008,4115,4086,4434,3934,3236,3540,3166,2779,2677,2511,2506,2450,2850,3882,6012,6593,6705,6561,6256,6161,6791,5653,5001,4770,4361,3395,3594,3785,3347,3556,3991,3945,3489,3345,3315,3076,2961,3854,5989,5806,6194,6608,6494,5794,5099,6034,5622,5712,5179,4607,4508,3979,4064,4756,4475,4261,3606,3657,3593,4152,4723,4653,5154,5664,5132,4352,4163,3777,3598,3780,3787,3770
683345.991,3246520.366,2433,2768,2637,2523,2422,2371,2513,2379,6859,6491,5408,5980,5454,4257,3721,4558,4897,4983,4963,5509,4777,4960,3906,4704,3488,3162,2831,2712,2474,2395,2770,5503,5813,7259,6547,5178,4594,5267,4119,3876,3465,3442,3460,3115,3000,3489,4079,3189,3412,2450,2567,2298,2460,2487,2494,6724,7497,7376,4997,4251,3708,3485,3221,3235,3154,3431,3103,3670,3309,3425,4030,4480,3240,2937,2517,2407,2589,2367,3315,6668,6320,4809,4684,3701,5376,5185,4706,3738,3756,3314,3349,3254,3251,3533,3453,3629,2907,2628,2389,2275,2275,5976,7432,7528,6633,6378,6602,4982,4909,4933,5216,5144,4972,5851,5298,5911,5816,5250,4245,3449,2953,3288,3293,3486,4315,6615,8050,7003,5747,5205,5220,4296,4031,3893,3837,3708,3409,3360,3130,2861,2727,2662,2560,2503,2466,2412,2695,5594,7012,7308,7714,7569,5980,5445,5143,4121,3865,3748,3666,3674,3655,4025,3967,3295,3032,3044,2609,2492,2533,4765,7910,8378,8422,7971,7738,6882,5311,4851,4475,4456,4438,4306,4288,4237,3717,3512,3295,2816,2661,2562,2515,5052,5408,5987,8181,8522,8471,7169,6114,4900,4427,4340,4061,3915,3725,3556,3558,3417,3239,2906,2811,2782,2774,2845,2880,7703,8158,7479,7562,7022,4843,5036,5891,5968,5463,5614,5123,4930,4607,4673,4785,5119,4684,4094,3775,3206,2901,2906,2944,4119,8119,8611,8108,8173,6098,5351,4765,4186,4002,3900,3903,3700,3296,3022,2820,2731,2598,2629,2479,2521,2442,3181,4843,4373,6527,4482,4248,3916,3324,3151,3514,3867,4268,4345,3982,3870,3647,2959,2980,2686,2558,2291,2232,2465,2507,3953,6376,7364,7264,5544,4552,4024,3772,3550,3356,3545,3370,2981,3157,2994,2822,2678,2503,2289,2370,2378,2410,2472,3739,7151,6634,6586,5694,4457,4671,4273,4477,4607,4607,3929,4061,3449,3432,3170,2756,2718,2547,2663,2376,2541,2504,5547,7142,7714,7534,7199,5001,4075,4932,5161,4347,4323,3993,3530,3394,4051,4100,4324,3890,3634,3051,2727,2658,2935,6345,6466,5346,5268,6625,6121,4585,4348,4112,3954,3684,3412,2979,2730,2769,2725,3291,2607,2399,2268,2260,2422,3359,5879,7334,7294,7066,6046,4245,3760,3233,3113,3243,2940,3621,3771,4067,4167,4088,3291,2991,2742,2491,2344,2716,2830,4516,7633,7417,6174,6736,4750,4020,3461,3370,3440,4012,4012,3667,3374,3137,3019,2812,2643,2405,2634,2428,2672,4851,6396,7654,7489,6536,6614,6550,6499,6383,5749,5301,4866,3877,3861,3937,3882,4086,4060,3860,3242,2948,2836,2760,3227,6860,7362,6896,6861,7847,7271,7208,6504,5852,5829,5875,5481,4909,4495,4156,4372,4474,4688,4266,3509,3294,3344,5169,5643,6406,5925,6238,4624,3782,3436,3246,2977,3122,3256,3257
683345.991,3246300.083,2412,2700,2596,2412,2275,2332,2493,4119,6769,6478,5839,6347,5805,4524,3814,4273,5107,5321,5337,5255,5037,5011,4284,4370,3904,3148,2739,2574,2517,2405,2711,5585,7201,7679,6803,5211,4461,5114,4278,3880,3619,3633,3328,3111,2827,2979,3997,3884,3458,3011,2448,2307,2476,2407,2500,6498,7468,7252,4945,4235,3752,3526,3255,3247,3118,3293,3333,3461,3537,3580,4001,4212,3474,2615,2718,2458,2586,2339,3205,6700,6034,5248,4231,3703,5091,5136,4539,3830,3398,3405,3330,3391,3323,3647,3369,3691,2823,2569,2324,2251,2291,6010,6899,7381,6829,6551,6119,4982,5047,4935,4923,5193,5360,5572,5552,5861,5868,5074,4256,3635,3028,3291,3284,3284,5142,6652,7726,7518,5618,5052,5180,4426,4029,3937,3999,3484,3367,3417,2995,2794,2730,2599,2560,2514,2383,2423,2672,6041,6734,7491,7833,7502,6121,5713,5015,4459,4221,3776,3806,3684,3595,3867,3933,3333,2938,2966,2789,2452,2720,4526,7769,8310,8358,7921,7845,6763,5559,4988,4642,4647,4657,4283,4386,4422,4008,3657,3252,2913,2717,2704,2682,4689,5301,8454,8286,8533,8365,7200,5928,4994,4493,4373,4165,3789,3811,3694,3612,3414,3285,3046,2509,2812,2733,2774,2881,7737,7967,7777,7590,6990,4934,5026,5907,6180,5928,5732,5140,5056,4797,4754,4828,5063,4683,4360,3941,3273,2989,2979,2995,4151,8126,8525,8178,7941,6467,5202,4765,4183,4084,3947,3894,3651,3172,2948,2822,2747,2600,2547,2491,2496,2392,3073,4861,4610,6931,4537,4088,3684,3185,3095,3309,3586,4097,4132,4160,3761,3459,2993,2870,2548,2580,2243,2252,2441,2491,3620,6979,7300,7459,5644,4611,4029,3809,3495,3463,3547,3397,3224,3156,3062,2833,2658,2510,2330,2406,2336,2384,2475,6731,7203,6743,6966,5725,4624,4862,4167,4488,4701,4762,4311,4236,3476,3485,3225,2780,2693,2450,2581,2312,2498,2554,5562,7599,7674,7536,7092,5258,4126,4945,5243,4164,4195,4044,3427,3409,3963,4111,4196,3935,3749,3201,2810,2628,2938,6377,6513,5347,5405,6733,6086,4539,4627,4308,4160,3770,3354,3150,2855,2847,2810,3387,2474,2316,2388,2282,2360,3566,6050,7541,7576,6677,5833,4128,3762,3512,3123,3200,3885,3649,3969,4314,4481,4038,3387,2979,2707,2588,2382,2717,2866,4835,7588,7464,6191,5595,4763,4018,3617,3369,3530,3982,3982,3734,3390,3256,2909,2754,2693,2382,2397,2300,2618,4502,6393,7745,7597,6690,6385,6369,6332,6382,5737,5242,4933,4758,4019,4249,4004,4214,4265,3998,3289,2974,2892,2693,3541,7046,7675,7110,7106,7843,7417,7073,6556,5906,6117,6027,5527,4909,4495,4156,4372,4474,4688,4266,3509,3294,3344,5169,5643,6406,5925,6238,4624,3782,3436,3246,2977,3122,3256,3257
683566.274,3246300.083,2344,2767,2648,2446,2247,2365,2541,4399,7222,6780,5979,6921,5933,4368,3720,4437,5176,5548,5899,5823,5436,5095,4576,4813,3903,3179,2758,2560,2596,2498,2776,6234,7156,7666,6998,5131,4388,4995,4392,3811,3629,3395,3373,2950,2964,2849,4152,4068,3406,2969,2495,2351,2510,2533,2593,6611,7426,7423,5173,4277,3610,3484,3188,3040,3019,3289,3052,3552,3663,4027,4550,4551,3470,2608,2729,2641,2610,2438,3159,7143,6308,5418,4719,3573,5228,5793,4841,3584,3382,3337,3227,3255,3199,3979,3757,3587,2940,2543,2363,2321,2340,6042,7176,7785,7189,6634,6163,4720,4752,4559,4936,5293,5725,5838,6022,6023,6085,4934,4229,3486,2972,3321,3281,3288,5098,6858,8105,7502,5742,4796,5305,4379,3950,3757,3776,3592,3361,3256,2985,2775,2685,2673,2574,2545,2464,2486,2712,6384,7540,8009,8332,8054,5906,5984,5022,3932,3800,3604,3448,3431,3655,4064,4030,3410,3032,2945,2750,2590,2713,4821,8042,8520,8673,8352,8301,6515,5178,4624,4245,4333,4567,4011,4232,4252,4110,3808,3290,2884,2776,2755,2766,5137,5210,8342,8522,8504,8578,7591,5635,4816,4433,4112,3968,3727,3729,3631,3659,3523,3161,2906,2577,2851,2837,2946,3169,8066,8146,8103,7954,7267,4517,4916,5850,6592,6261,5711,5053,4836,4691,4507,5067,5285,4841,4361,3859,3149,2917,3012,2963,4274,8477,8700,8547,8202,6308,5356,4627,4079,3935,3877,3778,3660,3225,3092,2817,2716,2599,2618,2590,2580,2455,3169,5537,5373,7173,4741,3933,3841,3195,2971,3380,3685,4270,4207,4264,3840,3782,2995,2919,2676,2555,2327,2302,2584,2503,3797,7231,7347,7620,5515,4459,3809,3726,3415,3414,3570,3357,3241,3005,2976,2773,2683,2500,2334,2399,2340,2385,2480,6902,7346,6973,6958,5703,4235,4688,4268,4765,4762,4930,4406,4395,3408,3495,3478,2812,2707,2499,2603,2415,2512,2546,5535,7572,7708,7270,6875,4975,3869,4995,5338,4247,4325,4031,3466,3260,3832,4094,4288,3974,3640,3074,2765,2628,2923,6390,6600,5207,5458,6772,6103,4543,4392,4221,3938,3406,2842,2847,2640,2727,2771,3324,2500,2181,2300,2141,2287,3360,6368,7790,7969,7052,5802,4253,3731,3239,2981,3206,3852,3624,3906,4248,4532,4066,3324,2843,2581,2472,2343,2716,3015,4816,7524,7555,6165,5653,4621,3814,3390,3276,3347,4022,4022,3723,3428,3104,2920,2689,2604,2318,2401,2410,2666,4654,6472,7831,7746,6934,6445,6448,6474,6455,5595,5008,4562,4334,3741,3641,3910,4052,4152,3926,3154,2959,2839,2702,3389,6937,7873,7200,7255,7840,7617,7095,6557,5732,5875,5938,5342,4909,4495,4156,4372,4474,4688,4266,3509,3294,3344,5169,5643,6406,5925,6238,4624,3782,3436,3246,2977,3122,3256,3257
686650.241,3244758.099,2308,2661,2538,2396,2194,2259,2402,4321,5877,6135,6559,6726,5876,4169,3740,4103,4708,4913,4954,4648,4139,4110,3523,3775,3569,3140,2847,2687,2653,2469,2509,4985,5783,6253,6947,4640,4143,4752,3995,3508,3428,3425,3284,3034,2936,2748,3115,3174,2925,2722,2378,2205,2524,2646,2577,5749,7663,7051,6321,4569,3646,3136,3278,3376,3246,3515,3158,3139,3542,3898,3875,3950,3659,3221,2600,2432,2474,2352,2696,6397,5625,4879,4163,3453,5085,5955,5344,4031,3822,3643,3256,3239,3045,3285,3470,3475,3002,2509,2410,2245,2718,5757,6494,5869,5623,5773,5251,4037,4510,4446,4706,4545,4643,5086,5113,4962,5104,4173,3643,3074,2659,3042,3280,3085,3708,6544,6831,7014,5207,4425,4873,4220,3736,3740,3729,3504,3149,3104,2822,2584,2489,2407,2375,2373,2191,2303,2571,5817,7520,7733,7921,5573,6092,5932,5128,4424,4137,4140,3952,3415,3711,3474,3905,3613,3207,2853,2588,2468,2856,3257,7184,7703,8210,7857,7403,6346,4702,4636,4434,4429,4268,3854,3885,3883,3901,3816,3493,2986,2845,2824,2685,3833,4877,7226,7357,7824,7578,6941,5377,4203,4088,4070,3867,3747,3748,3367,3360,3191,2909,2611,2567,2628,2475,2610,3207,6935,6405,7203,6897,6859,4748,4582,5607,6263,5920,5335,4989,4376,4630,4188,3873,4067,4202,3802,3634,3175,2667,2786,2836,4780,8247,7782,7767,6861,5471,4477,4024,3688,3513,3744,3443,3349,2910,2834,2685,2559,2434,2375,2451,2391,2321,3197,5460,6513,7730,5820,4463,4258,3558,3304,3462,3379,3240,2939,3052,2975,2909,2806,2769,2554,2422,2454,2217,2358,2398,6017,6410,6119,6474,5351,4285,3907,3771,3670,3476,3634,3146,2856,2750,2573,2661,2512,2367,2282,2351,2337,2302,2288,3744,5744,6014,6402,5770,4580,4598,4243,4278,4322,4069,3629,3641,3058,3070,2849,3110,2780,2438,2686,2374,2594,3090,4910,6162,6694,6268,6694,5180,4265,4638,4742,3932,3914,3436,3132,2960,3130,3661,3583,3603,3663,2958,2734,2692,3600,6463,6885,5261,5260,6390,6179,4808,4707,4511,3815,3303,3073,2754,2761,2526,2632,3131,2586,2309,2310,2162,2384,3054,5167,6151,6631,5946,5064,3981,3574,3383,3065,3285,3414,3605,3757,3375,3684,3471,3131,2749,2640,2399,2322,2374,3456,5731,6820,6565,5781,5158,4157,3806,3574,3407,3522,3744,3968,3708,3270,3100,2861,2737,2540,2190,2381,2342,2731,4775,6649,7374,7111,6669,6932,6583,6546,6238,5154,4417,3950,3568,3359,3184,2966,3430,3382,3546,3305,2875,2966,2817,3391,4499,6925,7043,6815,6927,6532,6293,4695,4986,5200,5362,4153,4461,4421,4040,4004,4302,4272,3779,3531,3202,4083,5597,5904,5719,5251,5910,4909,4048,3669,3554,3472,3413,3543,3427
686870.525,3244758.099,2287,2596,2499,2321,2168,2200,2383,4219,5877,5553,6850,6452,5861,4157,3582,4083,4558,4622,4685,4692,3973,3833,3432,3525,3410,3140,2816,2780,2514,2354,2461,4682,5866,5767,6865,4574,4177,4619,3853,3484,3262,3342,3213,2934,3004,2632,3106,3092,2793,2627,2393,2156,2492,2677,2505,5193,7494,6447,6078,4536,3619,3497,3246,3201,3126,3448,3056,3080,3257,3796,3632,3693,3533,3129,2668,2360,2372,2270,2585,6791,5708,4937,4228,3404,4744,6138,5339,3796,3846,3669,3180,3081,2964,3190,3374,3426,2921,2485,2278,2245,2576,5574,5751,5471,5825,5263,5076,4130,4360,4337,4512,4482,4480,4844,5142,4554,5213,3839,3715,3080,2598,2875,3142,2967,3473,6591,6694,6365,4987,4150,4715,4230,3767,3633,3582,3407,3144,2981,2802,2456,2530,2306,2262,2310,2142,2210,2449,5529,7266,7959,7665,6425,5785,6068,4892,4138,4179,4050,3817,3419,3443,3390,3685,3497,3204,2772,2474,2458,2809,3176,6623,7140,8068,7907,7329,5861,4534,4422,4440,4215,4102,3743,3625,3896,3674,4001,3607,2965,2842,2784,2490,3708,4597,6961,6995,7282,7385,7069,5076,4213,4086,3972,3766,3632,3612,3357,3340,3216,2889,2583,2508,2542,2392,2530,3014,6809,6300,6842,6605,6410,4803,4736,5400,6027,5790,5760,4996,4197,4435,3889,3803,4151,4241,3734,3554,2923,2659,2862,2756,4870,8325,7449,7950,6461,5416,4458,3823,3534,3368,3749,3480,3330,2855,2816,2648,2563,2402,2267,2456,2320,2208,3235,5187,6540,7786,5823,4182,4398,3511,3339,3420,3408,3223,3016,2927,2856,2807,2651,2666,2529,2313,2366,2222,2358,2405,5683,5993,6435,6221,4791,4275,3688,3648,3596,3268,3389,3048,2806,2667,2453,2476,2367,2280,2288,2353,2242,2369,2263,3508,5893,6030,6003,5574,4599,4522,3939,4139,4013,4142,3515,3389,2968,2951,2730,2940,2653,2516,2409,2308,2392,2925,4818,5717,6123,6631,6356,4900,3927,4486,4400,4123,3803,3269,3258,2864,2986,3428,3565,3513,3611,3051,2836,2501,3557,6200,6338,5061,5008,6351,6050,4846,4628,4567,3759,3527,3098,2702,2684,2441,2555,2971,2536,2372,2176,2173,2371,3001,4805,5752,6303,5648,4763,3797,3415,3253,3023,3120,3589,3442,3795,3195,3283,3333,2971,2599,2523,2238,2215,2333,3335,5328,6700,6002,5382,4755,4019,3595,3322,3246,3380,3577,3918,3689,3121,2933,2839,2642,2372,2172,2285,2255,2717,4492,6782,7028,7251,6403,6640,6825,6197,5976,5077,4243,3819,3427,3128,3179,2922,3304,3332,3343,3108,2805,3016,2879,3284,4163,6731,6696,7012,6705,6405,6020,4677,4999,5086,5104,3872,4184,4284,4035,3886,4192,4205,3713,3363,3229,3681,4951,5169,5177,4718,5462,4583,3876,3685,3467,3262,3347,3478,3427
687090.808,3244758.099,2248,2587,2487,2279,2137,2187,2371,4046,5413,5241,6742,6375,5747,4834,3621,4129,4508,4476,4357,4361,4311,3731,3456,3242,3259,3044,2890,2546,2470,2364,2438,4725,5397,5902,6634,5178,4247,4570,4068,3633,3307,3331,3140,2785,2898,2689,2759,2864,2739,2681,2496,2177,2471,2569,2423,4636,7214,6400,5656,4665,3970,3596,3444,3083,3187,3407,3134,3103,3153,3764,3269,3425,3445,3050,2755,2366,2341,2392,2580,6317,5623,5202,4269,3627,4688,5566,4938,3691,3813,3385,3213,2859,2793,2993,3387,3214,2917,2432,2299,2219,2457,5022,5353,5732,5610,4891,5340,3917,4066,4139,4181,4070,4160,4807,5010,4313,4961,3673,3661,3204,2670,2929,3106,2896,3410,6512,7736,6072,5024,4159,4870,4063,3746,3480,3475,3311,2965,2873,2712,2383,2482,2182,2233,2307,2140,2239,2449,5092,6844,7696,7376,7807,6142,6038,4995,4106,4250,4047,3682,3452,3244,3633,3440,3463,3168,2857,2565,2707,2906,3067,6155,6742,7717,7680,7016,5735,4630,4448,4345,4152,3959,3507,3495,3659,3485,3778,3569,2888,2842,2841,2456,3463,4366,7451,6681,7056,8227,7040,5294,4748,4467,4197,3908,3677,3575,3283,3172,3036,2821,2769,2503,2555,2289,2550,3045,6637,7415,6357,6600,6155,4816,5063,5175,5871,5603,5613,4744,4291,4023,3793,3682,4305,4018,3761,3582,2971,3046,2933,2819,4566,7952,7359,7863,6458,5839,4401,3950,3811,3451,3759,3554,3114,2748,2704,2534,2548,2409,2233,2333,2256,2205,3176,4949,6237,7591,5902,4200,4532,3470,3389,3393,3398,3108,2809,2844,2555,2615,2534,2659,2457,2352,2403,2311,2480,2400,5473,5800,6402,6361,4649,4504,3786,3857,3607,3207,3446,2914,2746,2577,2447,2419,2358,2356,2333,2372,2239,2356,2419,3434,6707,6051,6604,6387,4982,4665,4002,4482,4228,4173,3598,3329,2937,2911,2649,2926,2600,2584,2557,2373,2447,3141,4522,5381,5809,6437,6718,4780,3808,4452,4312,3890,3737,3218,3000,2539,2729,3204,3733,3695,3731,3054,2798,2590,3811,6167,6143,5243,5081,6128,6446,4868,4761,4398,3509,3299,3064,2715,2372,2435,2539,3063,2563,2403,2240,2198,2380,2783,4519,5888,6062,5702,4532,3715,3445,3094,2934,3031,3376,3462,3597,3033,3288,3412,3063,2729,2482,2458,2242,2339,3242,5346,6286,5710,5431,4765,3889,3593,3567,3197,3272,3453,3568,3488,3094,2766,2811,2542,2373,2112,2153,2150,2611,4382,6925,7017,7493,6513,6374,6812,5995,6041,4807,4304,3902,3619,3212,3010,2710,3293,3344,3330,3221,3040,3073,2892,3488,3976,7080,6598,6748,7071,6236,5928,4648,5010,4936,4918,3859,4184,4284,4035,3886,4192,4205,3713,3363,3229,3681,4951,5169,5177,4718,5462,4583,3876,3685,3467,3262,3347,3478,3427
686650.241,3244317.533,2336,2822,2705,2507,2306,2394,2526,4452,5867,6268,6760,6899,5566,4366,3973,4558,5077,5173,4939,4708,4513,4330,3736,3843,3710,3184,3009,2774,2751,2467,2643,5896,5685,6781,7180,5148,4207,4774,4345,3767,3393,3498,3473,3136,3294,3089,3340,3348,3181,2830,2636,2369,2660,2661,2646,5719,7620,7074,5744,4579,3872,3752,3457,3523,3520,3724,3282,3496,3834,3898,4018,4246,3887,3306,2595,2620,2575,2570,3031,6326,5656,5319,4216,3581,5165,5737,5310,4204,3931,3608,3381,3311,3379,3586,3586,3701,3219,2705,2427,2453,2916,5856,6675,5828,5430,5606,5167,3897,4526,4580,4638,4737,4805,5260,5352,5206,4908,4207,3550,3193,2815,3178,3313,3339,4142,6820,7343,6841,4835,4369,4753,4172,3840,3804,3986,3618,3322,3162,3141,2818,2633,2451,2455,2445,2378,2520,2928,5824,7669,7655,7709,5922,6320,5843,5451,4547,4272,4134,3915,3653,3722,3893,4009,3787,3299,3011,2760,2636,2954,3385,7548,7541,7907,7770,7506,6156,4742,4609,4425,4554,4388,4065,3996,4315,4027,3717,3241,3129,2852,2847,2743,3592,4741,7342,7422,7598,7676,6664,5178,4272,4110,4030,3823,3732,3706,3430,3186,3161,2924,2864,2699,2690,2556,2873,3625,6720,7030,7453,7033,7246,4743,4813,5610,6234,5730,5256,4947,4710,4453,4554,4316,4354,4144,3893,3674,3147,2921,2848,3056,5115,7909,8090,7387,6755,5305,4550,4156,3896,3711,3990,3626,3598,3167,2993,2726,2594,2596,2510,2447,2510,2467,3133,5859,6054,7458,5857,4513,4155,3587,3414,3495,3497,3429,3465,3404,3330,3296,3105,2985,2743,2489,2500,2476,2496,2410,6167,6381,5865,6652,4734,3734,3767,3789,3529,3530,3786,3312,3168,2994,2746,2638,2629,2510,2316,2480,2452,2416,2398,3788,6554,6142,6032,5751,4580,4656,4204,4315,4501,4384,3719,3860,3237,3237,2921,3091,2712,2466,2732,2377,2522,3383,4927,6297,6572,6226,6419,5384,3952,4650,4835,4118,3944,3555,3442,3306,3502,4011,4005,3794,3941,3254,2698,2590,3819,6845,6852,5389,5429,6632,5975,4687,4717,4569,4198,3833,3215,3229,2781,2474,2789,2912,2734,2313,2512,2109,2366,4767,5450,6032,6925,5889,5266,4153,3688,3481,3235,3349,3693,3777,4098,3702,4068,3791,2912,2875,2597,2660,2395,2434,3683,6313,6747,6671,5647,5240,4189,3918,3489,3267,3734,3984,4048,3711,3640,3376,2963,2814,2787,2339,2378,2415,2844,5171,7069,7502,7356,6952,6934,6647,6382,6034,5255,4708,4267,3509,3658,3612,3123,3819,3770,3757,3063,3105,2990,2960,2922,4682,6407,7420,6883,7184,6792,6355,4872,5254,5401,5509,4684,4461,4421,4040,4004,4302,4272,3779,3531,3202,4083,5597,5904,5719,5251,5910,4909,4048,3669,3554,3472,3413,3543,3427
683786.558,3242995.832,2416,2563,2828,2550,2450,2369,2563,5385,7745,6554,6766,6565,6114,4854,4058,4524,5340,5375,5507,5350,4843,4922,4124,4186,3941,3138,2838,2859,2740,2639,2821,7054,6973,6992,6576,5205,3841,5126,4105,3850,3638,3766,3331,2992,2916,3043,3428,3497,2757,2475,2502,2316,2766,2536,2364,6731,8066,7047,6945,4324,3614,3959,3412,3468,3306,3632,3141,3357,2267,3580,3696,4170,4032,3015,2712,2567,2510,2557,2939,6880,5686,5383,4147,3618,5321,4998,4109,3362,3264,3111,2948,2600,2623,3591,3587,3790,2911,2787,2414,2435,2573,6020,7224,7499,5730,5838,5542,4099,4587,4890,4609,4909,4657,5031,4993,5184,5002,4606,4039,3463,3029,3379,3152,3211,4980,6828,7492,6481,4445,4252,4325,3755,3638,3307,3309,3344,2891,3157,2799,2521,2389,2290,2380,2221,2550,2377,2729,6435,7578,8013,8025,7402,6553,6117,5455,4681,4184,3888,3618,3213,3296,3769,3888,3670,2944,2926,2697,2407,2694,3932,6620,8147,8259,7703,7770,6724,5622,5105,4648,4700,4610,4129,4123,4096,3953,3663,3282,3147,2672,2758,2696,3283,4917,6591,7723,8133,7739,6885,5288,4213,3925,3829,3783,3641,3216,3159,3161,2935,2890,2697,2601,2554,2455,2782,2886,7445,7296,7348,7333,7051,4954,4881,6074,6260,5630,5063,4544,4472,4230,4382,4148,4422,4692,4201,3670,3411,3001,2805,3131,5386,8003,7883,7806,7499,5719,4704,4281,3979,3644,3636,3434,3284,2881,2725,2512,2417,2394,2436,2305,2228,2323,3063,5665,6323,7126,4852,4461,4087,3311,3280,3206,3300,3359,3483,3376,3209,3054,2844,2742,2465,2277,2287,2167,2443,2427,4008,7033,7022,7035,5110,3934,3909,3451,3287,3417,3235,3287,3014,2825,2680,2520,2522,2318,2267,2529,2250,2473,2494,4519,7477,7165,7496,6435,4947,5084,4539,4646,4748,4615,4056,3983,3569,3270,2864,3555,2982,2598,2702,2509,2562,2636,6011,7685,7716,7703,7013,5617,4669,5021,5491,4685,4638,4053,3829,3339,3796,4749,4406,4255,4350,3433,3087,2990,3941,6868,7547,6159,6024,6895,6658,5969,5118,4785,4483,3884,3531,3681,3036,3192,2768,3456,2577,2696,2382,2306,2452,2882,5855,7323,7639,6546,5184,3551,3286,3166,3171,2959,3455,3685,4082,4245,4490,4394,3456,2941,2668,2616,2455,2509,4088,7278,7683,7655,7066,5415,4701,4214,3677,3645,3779,3876,3874,3794,3242,3162,2817,2749,2602,2500,2370,2424,2846,5370,7324,6934,7868,7968,6833,6503,5955,6440,5665,5266,4940,3904,3730,4200,3588,4030,4570,4329,3518,3224,3068,2984,3821,5783,8132,7818,7138,7625,7097,6690,5331,4983,5648,5562,5038,4273,4005,3857,3928,4399,4335,3842,3511,3174,4182,5691,5743,4791,4892,5526,4295,3477,3198,3060,3056,2944,3131,3127
683786.558,3242775.549,2393,2757,2444,2426,2384,2138,2418,5999,7522,6489,6939,6354,5755,4399,3666,4205,4754,5178,5035,4942,4383,4705,3913,3826,3497,2788,2590,2832,2542,2523,2626,6910,6729,6878,6574,4824,4075,5076,4036,3477,3596,3387,3044,2652,2705,2886,3167,3288,2540,2515,2348,2217,2602,2268,2344,6369,8120,7095,6936,4043,3380,3597,3145,3102,3075,3145,2901,3228,2632,3541,3448,3821,3671,2981,2471,2247,2355,2413,2943,6472,5503,4996,4037,3257,5049,4559,3807,3036,2884,2739,2732,2425,2444,3657,3467,3515,2654,2641,2311,2306,2566,5576,6938,7516,5062,5359,5439,3765,4078,4554,4569,4211,4148,4564,4669,4981,4677,4431,3681,3328,2931,3198,3036,2924,4801,6553,7342,6405,4175,3935,4015,3462,3410,3198,3441,3053,2838,2964,2618,2412,2258,2154,2262,2066,2480,2275,2750,6384,7427,7705,7804,7707,6213,5973,5237,4287,3891,3541,3362,2939,3103,3662,3682,3404,2709,2807,2451,2236,2555,3642,6448,7970,8034,7649,7658,6503,5204,4852,4241,4374,4466,3931,4038,4090,4063,3353,3042,3001,2631,2531,2577,3173,4652,6687,7472,7842,7521,6340,4924,3916,3622,3622,3466,3343,3301,2968,2878,2725,2610,2470,2392,2308,2288,2596,2610,7119,7060,7045,6982,7054,4670,4543,5799,6253,5395,4737,4138,4067,3833,3579,4133,4061,4304,3906,3465,3132,2786,2550,2887,4683,7947,7791,7504,7264,5648,4445,3911,3713,3254,3320,3157,3038,2683,2567,2338,2393,2374,2258,2123,2175,2199,2981,5967,6320,6815,4666,4209,3953,3091,3000,3055,3305,3171,3374,3215,3259,3031,2699,2603,2328,2128,2116,2210,2326,2295,3823,7074,6778,6795,4762,3689,3401,3441,3185,3078,3082,3069,3073,2631,2677,2345,2264,2122,2161,2375,2164,2394,2368,4135,7453,6991,7117,5544,4516,4854,4263,4129,4399,4291,3800,3567,3257,2976,2707,3287,2720,2355,2480,2318,2445,2471,6177,7646,7405,7440,6973,5552,4504,4716,5155,4511,4434,3714,3667,3257,3436,4620,4006,4297,4270,3299,2860,2834,3713,6847,7200,5967,5793,6467,6298,5674,4814,4746,4170,3477,3147,3178,2728,2571,2581,3037,2443,2508,2235,2183,2295,2618,5796,7309,7488,6105,4808,3495,3018,2971,2878,2698,3209,3299,3705,3875,4103,4040,3037,2737,2362,2282,2255,2295,3778,7290,7177,7449,6801,5259,4245,3805,3344,3224,3360,3551,3549,3387,2935,2746,2824,2546,2439,2323,2204,2245,2834,5372,7213,6968,7727,7727,6480,5878,5716,5848,5118,4818,4394,4244,3620,3650,3032,3716,4292,3875,3246,3048,2815,2809,3491,5254,8085,7577,7087,7511,6628,6054,5351,4451,5183,5174,4499,4273,4005,3857,3928,4399,4335,3842,3511,3174,4182,5691,5743,4791,4892,5526,4295,3477,3198,3060,3056,2944,3131,3127
684227.124,3242775.549,2560,2631,2410,2384,2236,2071,2270,5840,7677,6332,6855,6592,5673,4332,3658,4147,4868,5238,5364,4615,4672,4382,3819,3878,3777,3223,3012,2838,2850,2610,2651,6513,6013,7101,6189,4767,3936,4726,4106,3472,3595,3534,3482,3428,3181,2864,3457,3282,3043,2582,2428,2277,2539,2560,2493,6380,7818,7208,6501,4124,3669,3557,3133,3184,3092,3334,3372,3168,3190,3711,3538,3904,3633,3091,2532,2292,2420,2339,2871,6678,5685,5701,4658,3408,5015,4657,4103,3593,3514,3169,2822,2898,2994,3603,3485,3564,3015,2590,2399,2356,2822,5774,7317,7347,5338,5394,5347,3960,4481,4599,4799,4640,4893,5050,4821,4910,4714,4201,3583,3284,2939,3156,3392,3056,4664,6441,7363,6223,4736,4081,4097,3806,3599,3529,3547,3060,3198,3099,2645,2504,2668,2476,2293,2432,2611,2394,2911,6508,7603,7872,7891,7723,6491,6268,5530,4526,4272,3893,3728,3433,3563,3727,3756,3320,3149,2785,2727,2546,2742,4100,7085,7764,7738,7779,7636,6520,5287,4914,4373,4418,4550,3934,3982,4136,4008,3390,3071,2996,2797,2814,2623,3012,4572,6449,7160,7687,8089,6784,5200,4178,3941,4051,3768,3458,3512,3115,3297,3354,3144,2559,2714,2753,2509,2570,2621,6917,6722,7105,6832,6959,4759,4918,5929,6111,5729,4986,4563,4361,4003,3832,4418,4587,4392,4167,3585,3221,2874,2918,2974,5391,7711,7654,7370,7089,5628,4626,4207,4010,3555,3670,3451,3261,3096,2704,2686,2680,2604,2378,2177,2190,2247,3034,5417,5954,6702,4932,4220,4055,3270,3177,3157,3191,3481,3111,3466,3437,3333,2976,2667,2492,2450,2200,2252,2279,2396,3999,6905,6676,7060,4560,3599,3429,3327,3185,2929,3423,3100,2503,2885,2846,2616,2281,2430,2099,2358,2195,2387,2489,4343,7506,6777,7453,5701,4425,4814,4264,4444,4407,4409,4082,3909,3268,2954,2843,3311,2894,2668,2456,2256,2486,2740,6035,7734,6918,7351,6932,5417,4437,4584,5100,4367,4376,3823,3681,3105,3597,4497,4251,4025,4189,3299,2937,2849,4065,6604,6826,5960,5793,6473,5870,5362,4873,4736,4042,3939,3726,3364,2774,2904,2566,3094,2371,2505,2430,2259,2658,3172,5764,7043,7165,5988,4909,3753,3383,3229,3263,3318,3347,3584,3809,4281,4552,4099,3094,2759,2584,2662,2286,2545,3878,6719,7534,7612,7192,5672,4203,3856,3540,3321,3418,3505,3729,3364,3366,3134,2896,2834,2789,2496,2485,2257,2925,5150,7483,7170,7670,7462,6448,6219,5793,6119,5477,4883,4691,4001,3926,3849,3966,3767,4094,3739,3046,2946,2850,2881,3724,6194,7638,7216,6446,7166,6912,5985,5116,4626,5093,5029,4900,4099,3866,3668,4303,4322,4537,3987,3659,3317,4187,5254,5796,4607,4888,5450,4234,3528,3320,3174,3086,2975,3151,3150
684447.408,3242555.266,2180,2295,2163,2119,2057,2035,2155,5104,7367,5833,7008,6277,5281,4181,3522,3844,4758,4994,4993,4451,4127,3942,3359,3525,3386,2792,2530,2585,2565,2298,2495,5814,5439,7051,5867,4237,3606,4280,3586,3338,3372,3125,2992,2743,2785,2633,3079,2907,2668,2177,2160,2003,2300,2230,2107,5628,7861,6685,6108,4105,3515,3337,3041,3094,2973,3260,2840,2984,3148,3345,3399,3524,3385,2713,2469,2204,2210,2124,2330,6701,5252,5164,4203,3364,5044,4597,3905,3163,2971,2908,2712,2629,2519,3410,3226,3480,2743,2297,2093,2133,2462,5106,6875,5987,4948,4930,4580,3826,4134,4385,4198,4177,4156,4319,4621,4641,4522,3923,3508,3031,2760,2915,3074,2906,3973,6425,7145,6122,4868,3916,3962,3614,3380,3213,3273,2932,2754,2659,2507,2195,2235,2118,1978,2113,2336,2173,2591,6314,8506,8037,8125,7714,6270,6011,5286,4233,3861,3585,3594,2988,3179,3147,3151,3064,2698,2634,2491,2237,2397,3491,7267,7693,8171,7385,7525,6088,4817,4529,4132,4014,3976,3497,3542,3759,3301,3322,3099,2740,2481,2586,2424,2779,3932,5938,7510,8169,8092,6718,4935,4052,3797,3647,3465,3281,3390,2910,2972,2811,2670,2465,2431,2385,2234,2505,2500,6369,6136,6731,6481,6719,4779,4773,5721,6063,5234,4789,4078,3884,3774,3580,3636,4151,4397,4043,3418,3013,2823,2706,2672,4548,7501,7589,7707,7004,5450,4403,3804,3761,3361,3268,3193,3193,2828,2664,2563,2339,2291,2190,2178,1870,2075,3047,5575,5818,6189,4635,4006,3862,3050,2896,2933,2907,3048,2653,3276,2980,2888,2693,2370,2300,2155,2199,2067,2305,2142,3760,6549,6808,6509,4470,3660,3336,3250,3066,2908,3152,2896,2700,2464,2442,2214,2201,2110,2012,2070,2088,2073,2195,4014,7146,6520,6679,5696,4367,4565,4194,4280,4016,3901,3442,3566,2952,2913,2760,2939,2731,2352,2502,2205,2383,2641,5790,7241,7207,7402,6429,5568,4283,4664,4903,4237,4169,3311,3149,2777,3133,3541,3642,4059,3957,3111,2748,2515,3512,5917,6354,4814,5235,6156,6102,5064,4712,4085,3815,3190,2731,2609,2486,2482,2660,2691,2407,2305,2182,2126,2193,2673,4892,6526,6260,5869,4409,3216,2987,2751,2721,2662,2911,3134,3215,3586,4238,3828,2691,2377,2302,2317,2201,2179,3534,5990,7383,7213,6582,5619,3969,3416,3185,3106,3035,3226,3363,3130,2801,2666,2398,2462,2266,2026,2158,1864,2429,4798,6692,6964,6848,6967,6297,6057,5133,5800,4870,4412,4129,3466,2991,3312,2642,3144,3616,3594,3174,2524,2464,2467,3137,6346,6902,7026,5875,6751,6380,5588,4581,4319,4628,4537,3964,4556,4193,4167,4544,4528,4609,4116,3805,3537,4544,5600,5780,5108,5103,5838,4732,4015,3624,3556,3419,3326,3401,3332
684667.691,3242555.266,2113,2547,2304,2055,2005,2031,2113,4749,6979,5972,6946,6014,5416,4176,3594,4186,4889,5056,4441,4241,3874,3817,3421,3428,3231,2754,2757,2769,2580,2453,2459,5287,5037,6603,5538,4310,3517,4174,3672,3256,3335,3260,2940,2605,2657,2492,2871,2683,2761,2237,2213,2219,2207,2213,2224,5284,7773,7155,6441,4152,3491,3575,3196,3194,2890,3305,2737,2837,3129,3259,3207,3562,3134,2755,2496,2243,2411,2265,2562,5866,4902,4677,3744,3274,4776,4304,3774,3073,3091,2598,2474,2195,2499,2939,3020,3134,2630,2340,2314,2146,2446,4952,6351,5365,4443,4735,4989,3542,3870,4302,3857,3550,3493,4184,4137,4431,4227,4067,3375,3345,2830,2884,3131,2873,4188,6109,7060,5884,4684,4126,3859,3379,3290,2950,2926,2903,2534,2826,2473,2171,2193,2242,2220,2001,2287,2048,2403,5540,7304,7660,7862,7186,6269,6063,5423,4258,3613,3928,3326,2942,2675,3463,3542,3092,3042,2709,2900,2279,2704,3091,6270,7189,7532,7045,7614,6486,4949,4628,4420,4195,4238,3410,3027,3088,3003,2957,2908,3040,2845,2484,2738,3103,4144,5929,7015,7737,7713,6366,5127,4019,3830,3737,3603,3464,3095,2802,2798,2841,2543,2450,2474,2424,2575,2518,2699,6164,5826,6555,6251,6813,4494,4630,5807,5432,4727,4610,4148,4072,3495,3668,3414,3612,3770,3644,3669,3211,2786,2567,2658,4133,7597,7259,7235,6467,5190,4299,3857,3739,3259,3300,3221,3050,2709,2573,2310,2373,2427,2317,2257,2019,2252,3165,5811,5667,6032,4222,4167,3659,3149,2972,3073,3191,2820,2876,2916,2990,2866,2612,2570,2543,2297,2264,2152,2273,2407,3653,6323,6330,6402,4396,3608,3453,3301,3101,3116,3264,2730,2576,2624,2351,2321,2200,2037,2079,2148,2131,2183,2416,3692,7099,6229,6439,5569,4289,4461,4188,4075,4215,3983,3378,3297,2853,2916,2736,3066,2693,2669,2452,2287,2424,2929,5141,7191,6859,6899,6585,5196,4269,4456,4895,3974,3922,3515,3194,2755,2914,4134,3717,3802,3797,3149,2708,2776,3662,5936,5915,4781,4952,5937,5509,4501,4186,3922,3495,3211,2755,2994,2472,2435,2461,2899,2290,2304,2139,2103,2337,2772,4606,5617,6254,5433,4429,3454,2895,2890,2664,2671,3104,3053,3569,3499,3507,3506,2899,2742,2206,2213,2134,2227,3464,6254,6519,6678,5988,4958,3694,3415,2931,2890,2998,3231,3354,3000,2690,2609,2725,2372,2261,2085,1997,2047,2215,4744,6763,6501,7040,6783,6004,5694,5540,5292,4462,4042,3541,2890,2923,2877,2778,3423,3651,3504,3028,2984,2537,3036,3360,5456,6598,6524,5757,6347,5689,5401,5037,4084,4486,4503,4192,4556,4193,4167,4544,4528,4609,4116,3805,3537,4544,5600,5780,5108,5103,5838,4732,4015,3624,3556,3419,3326,3401,3332
684006.841,3242334.982,2231,2487,2327,2163,2107,2123,2214,5247,7115,5830,6606,5727,5013,3889,3367,3660,4311,4770,4754,4451,3970,4270,3818,3622,3461,2726,2524,2608,2512,2306,2591,5736,5885,6572,5677,4104,3540,4308,3465,3399,3288,3097,2972,2615,2768,2940,2983,3024,2542,2129,2173,2101,2305,2208,2151,5596,7950,6200,5812,3838,3429,3143,2977,2961,2975,3152,3034,3175,3113,3692,3476,4169,3378,2730,2434,2448,2367,2368,2504,6121,4776,4534,3859,3134,4714,4406,3645,3054,2990,2775,2726,2550,2524,3382,2908,3398,2776,2365,2158,2139,2402,5106,6359,5644,4724,4449,4609,3705,3997,4109,4537,4338,4298,4765,4537,4887,4595,4465,3314,3070,2861,3043,3051,3072,4210,5831,6902,6002,4405,3844,3650,3547,3173,3192,3215,2874,2758,2829,2449,2391,2260,2163,2146,2077,2315,2187,2624,6116,7116,7505,7147,7425,6100,5784,5133,4228,3906,3662,3468,3021,3063,3640,3588,3071,2693,2517,2505,2235,2353,3382,6765,7584,7497,7251,7405,5986,4556,4231,3932,4145,4021,3753,3753,3835,3495,3119,3007,2677,2470,2409,2463,3077,4240,5889,7220,7729,7354,6381,4823,3902,3679,3638,3412,3288,3299,2906,2876,2853,2704,2471,2257,2261,2362,2496,2563,5956,6341,6579,6854,6572,4438,4717,5191,5981,5596,4548,4105,4032,3713,3790,3787,3946,4039,3835,3372,2894,2820,2579,2656,4178,7433,7672,7368,7132,5552,4364,3852,3763,3255,3333,3165,3124,2594,2496,2423,2322,2293,2257,2131,1997,2131,3011,5723,6174,6574,4700,4219,3960,3144,2859,2899,2995,2825,2921,2828,3067,2929,2573,2421,2263,2070,2143,2036,2263,2246,3216,6470,6533,6377,4168,3348,3169,3204,3071,3029,3123,2678,2514,2444,2334,2265,2031,2025,2017,2011,1917,2098,2295,3753,6567,6313,6267,4941,3847,4192,3837,3893,4017,4019,3645,3482,2803,2912,2406,2796,2579,2317,2332,2058,2309,2356,5131,7183,7184,6767,6183,5564,4065,4564,4651,4460,4161,3477,3167,2966,3186,4141,3491,3633,3656,3027,2612,2549,3553,6392,6765,5548,5370,5842,6063,5186,4854,4392,3906,3268,2834,2482,2435,2292,2528,2700,2518,2216,2086,2149,2199,2501,4849,6347,6670,4208,4327,3231,2802,2768,2617,2667,2817,2902,3340,3554,3993,3410,2700,2400,2178,2210,2113,2219,3228,5369,7085,6849,5608,5697,3598,3436,3160,3018,2934,3129,3148,3081,2794,2624,2316,2358,2228,2053,2058,2060,2456,4721,6326,6192,6940,7320,6198,5492,5594,5756,5022,4269,4170,3339,3139,3132,2966,3464,3395,3280,3039,2554,2476,2412,3115,4368,7252,6827,6109,6712,6536,5295,4534,4266,4468,4712,4501,3898,3795,3714,4031,4134,4277,3765,3402,3176,3985,5287,5311,4436,4464,5209,4084,3347,3085,2909,2989,2819,2859,2855
684227.124,3242334.982,2077,2390,2236,2101,2083,1963,2017,5135,7241,5584,6912,5723,5311,4000,3259,3467,4589,4188,4469,4351,4050,3470,3635,3570,3364,2761,2509,2458,2576,2265,2463,5745,5371,6597,5474,4272,3381,4098,3488,3230,3120,2996,2849,2471,2793,2560,2948,3020,2652,2074,2120,2023,2196,2132,2117,5396,7660,6119,5827,3909,3315,3148,2975,2946,2793,3144,2729,2891,3186,3607,3468,3821,3139,2621,2373,2292,2208,2208,2420,6210,4737,4625,3803,3149,4704,4268,3678,2929,2796,2655,2822,2307,2432,3451,2915,3421,2771,2259,2112,2100,2301,4654,6585,5540,4573,4078,4543,3660,3715,4352,4279,3995,3718,4363,4511,4803,4670,4109,3288,2983,2840,2873,3030,2794,4135,5857,6949,5946,4588,3736,4014,3464,3357,2995,3173,2878,2682,2725,2460,2265,2217,2095,1986,2094,2326,2177,2575,6064,7254,7717,7777,7155,5487,5231,4754,4265,3705,3470,3415,2913,2791,3537,2974,3018,2591,2500,2382,2170,2301,3302,6893,7531,7680,7048,7301,5888,4544,4202,4172,4000,4011,3637,3546,3267,3398,3180,2952,2649,2374,2400,2414,2923,3672,5896,7328,8010,7820,6681,4861,3934,3707,3636,3407,3236,3169,2851,2813,2712,2666,2409,2268,2266,2211,2373,2314,5733,6022,6122,6798,6037,4572,4528,5662,5554,5207,4881,4051,3971,3397,3218,3495,3893,4125,3693,3399,2943,2798,2574,2582,4054,7253,7580,7614,7048,5493,4446,3781,3687,3246,3309,3270,3120,2746,2612,2475,2285,2243,2125,2070,1885,2020,2966,5811,6033,6551,4636,4045,3903,3015,2891,2858,2987,2846,2640,2821,2677,2822,2521,2324,2172,2071,2096,1975,2236,2151,3695,6416,6412,6699,4267,3592,3332,3227,3057,3030,3085,2763,2494,2382,2217,2214,1968,1992,1923,2027,1923,2050,2159,3476,7170,5786,6777,5265,4000,4353,3802,4166,4029,3882,3421,3470,2909,2757,2633,2776,2603,2278,2345,2109,2243,2278,5451,7422,7134,7193,6340,5428,4232,4749,4745,4464,4114,3317,3169,2867,3081,3399,3308,3468,3514,3012,2727,2518,3331,6056,6552,5020,4813,6001,6110,5223,4788,4234,3745,3205,2647,2324,2318,2203,2416,2584,2405,2176,2192,2050,2169,2482,4743,5640,6166,5207,4235,3075,2804,2654,2691,2530,2729,2895,3172,3572,3892,3691,2584,2320,2145,2000,2034,2175,2938,5649,7244,6060,6598,5578,3961,3385,3080,3066,2786,3111,3120,2777,2716,2450,2312,2254,2261,1971,2094,1874,2341,4599,6686,6933,6814,7027,6187,5176,5383,5259,4725,4481,4174,2879,2927,2834,2693,3285,3369,3326,3111,2469,2494,2432,3057,5782,6989,6340,5508,6747,6404,5572,4691,4108,4546,4861,4168,3898,3795,3714,4031,4134,4277,3765,3402,3176,3985,5287,5311,4436,4464,5209,4084,3347,3085,2909,2989,2819,2859,2855
